as_of_date,etf_ticker,constituent_ticker,constituent_name,isin,sedol,shares_held,market_value,weight_pct,currency,sector,country,source
2026-06-15,IS0E,1787,SHANDONG GOLD MINING LTD H,CNE1000036N7,,4369260.0,12870939.0,0.0,,Materials,China,web_csv
2026-06-15,IS0E,1818,ZHAOJIN MINING INDUSTRY LTD H,CNE1000004R6,,8080000.0,22069458.0,1.0,,Materials,China,web_csv
2026-06-15,IS0E,2099,CHINA GOLD INTERNATIONAL RESOURCES,CA16890P1036,,1143400.0,23408258.0,1.0,,Materials,China,web_csv
2026-06-15,IS0E,2259,ZIJIN GOLD INTERNATIONAL LTD,HK0001200002,,907000.0,14065336.0,0.0,,Materials,China,web_csv
2026-06-15,IS0E,2899,ZIJIN MINING GROUP LTD H,CNE100000502,,28916000.0,123858755.0,3.0,,Materials,China,web_csv
2026-06-15,IS0E,3330,LINGBAO GOLD GROUP LTD H,CNE1000001H3,,3731200.0,7595839.0,0.0,,Materials,China,web_csv
2026-06-15,IS0E,340,TONGGUAN GOLD GROUP LTD,BMG8919D1074,,11312000.0,2945345.0,0.0,,Materials,China,web_csv
2026-06-15,IS0E,5857,ARE HOLDINGS INC,JP3116700000,,355300.0,7133068.0,0.0,,Materials,Japan,web_csv
2026-06-15,IS0E,6693,CHIFENG JILONG GOLD MINING LTD CLA,CNE100006T51,,1135600.0,4214891.0,0.0,,Materials,China,web_csv
2026-06-15,IS0E,AAUC,ALLIED GOLD CORP,CA01921D2041,,461165.0,12196972.0,0.0,,Materials,Canada,web_csv
2026-06-15,IS0E,ABX,BARRICK MINING CORP,CA06849F1080,,8091179.0,339407430.0,9.0,,Materials,Canada,web_csv
2026-06-15,IS0E,AEM,AGNICO EAGLE MINES LTD,CA0084741085,,2027254.0,348511575.0,9.0,,Materials,Canada,web_csv
2026-06-15,IS0E,AGI,ALAMOS GOLD INC CLASS A,CA0115321089,,2027322.0,76250345.0,2.0,,Materials,Canada,web_csv
2026-06-15,IS0E,ALK,ALKANE RESOURCES LTD,AU000000ALK9,,5135890.0,5495718.0,0.0,,Materials,Australia,web_csv
2026-06-15,IS0E,ARIS,ARIS MINING CORP,CA04040Y1097,,997557.0,17289227.0,0.0,,Materials,Canada,web_csv
2026-06-15,IS0E,AU,ANGLOGOLD ASHANTI PLC,GB00BRXH2664,,2047140.0,188930551.0,5.0,,Materials,South Africa,web_csv
2026-06-15,IS0E,AUD,AUD CASH,CASH,,3365645.0,2385064.0,0.0,,Cash and/or Derivatives,Australia,web_csv
2026-06-15,IS0E,AUD,AUD/USD,CASH,,-1128242.0,-7.0,0.0,,Cash and/or Derivatives,United States,web_csv
2026-06-15,IS0E,AUD,AUD/USD,CASH,,564121.0,-3.0,0.0,,Cash and/or Derivatives,United States,web_csv
2026-06-15,IS0E,AUD,AUD/USD,CASH,,1128242.0,-7.0,0.0,,Cash and/or Derivatives,United States,web_csv
2026-06-15,IS0E,AUD,AUD/USD,CASH,,-4255535.0,-14962.0,0.0,,Cash and/or Derivatives,United States,web_csv
2026-06-15,IS0E,AUD,AUD/USD,CASH,,1595826.0,5598.0,0.0,,Cash and/or Derivatives,United States,web_csv
2026-06-15,IS0E,AUGO,AURA MINERALS INC,VGG069731120,,166168.0,10996998.0,0.0,,Materials,Brazil,web_csv
2026-06-15,IS0E,BGL,BELLEVUE GOLD LTD,AU0000019374,,7235445.0,7793645.0,0.0,,Materials,Australia,web_csv
2026-06-15,IS0E,BTO,B2GOLD CORP,CA11777Q2099,,6476019.0,29009896.0,1.0,,Materials,Canada,web_csv
2026-06-15,IS0E,BZFUT,CASH COLLATERAL CAD BZFUT,CASH,,968000.0,692690.0,0.0,,Cash and/or Derivatives,Canada,web_csv
2026-06-15,IS0E,CAD,CAD CASH,CASH,,1603937.0,1147760.0,0.0,,Cash and/or Derivatives,Canada,web_csv
2026-06-15,IS0E,CAD,CAD/USD,CASH,,2752811.0,-20.0,0.0,,Cash and/or Derivatives,United States,web_csv
2026-06-15,IS0E,CAD,CAD/USD,CASH,,5505622.0,-39.0,0.0,,Cash and/or Derivatives,United States,web_csv
2026-06-15,IS0E,CAD,CAD/USD,CASH,,-5505622.0,-39.0,0.0,,Cash and/or Derivatives,United States,web_csv
2026-06-15,IS0E,CDE,COEUR MINING INC,US1921085049,,5033450.0,93924177.0,2.0,,Materials,United States,web_csv
2026-06-15,IS0E,CG,CENTERRA GOLD INC,CA1520061021,,960415.0,16288122.0,0.0,,Materials,Canada,web_csv
2026-06-15,IS0E,CMM,CAPRICORN METALS LTD DEF,AU000000CMM9,,2210143.0,20924670.0,1.0,,Materials,Australia,web_csv
2026-06-15,IS0E,CYL,CATALYST METALS LTD,AU000000CYL6,,1267149.0,5055544.0,0.0,,Materials,Australia,web_csv
2026-06-15,IS0E,DPM,DPM METALS INC,CA26139R1091,,1071787.0,36614628.0,1.0,,Materials,Canada,web_csv
2026-06-15,IS0E,DRD,DRDGOLD ADR REPRESENTING  LTD,US26152H3012,,206476.0,5201130.0,0.0,,Materials,South Africa,web_csv
2026-06-15,IS0E,EDV,ENDEAVOUR MINING,GB00BL6K5J42,,907321.0,50070183.0,1.0,,Materials,United Kingdom,web_csv
2026-06-15,IS0E,ELD,ELDORADO GOLD CORP,CA2849025093,,1146365.0,38702995.0,1.0,,Materials,Canada,web_csv
2026-06-15,IS0E,EMR,EMERALD RESOURCES,AU000000EMR4,,2814711.0,11788352.0,0.0,,Materials,Australia,web_csv
2026-06-15,IS0E,EQX,EQUINOX GOLD CORP,CA29446Y5020,,3789906.0,42497282.0,1.0,,Materials,Canada,web_csv
2026-06-15,IS0E,EUR,EUR CASH,CASH,,8017.0,9306.0,0.0,,Cash and/or Derivatives,European Union,web_csv
2026-06-15,IS0E,EVN,EVOLUTION MINING LTD,AU000000EVN4,,9791411.0,89717176.0,2.0,,Materials,Australia,web_csv
2026-06-15,IS0E,FFM,FIREFLY METALS LTD,AU0000313769,,3688693.0,5410964.0,0.0,,Materials,Australia,web_csv
2026-06-15,IS0E,FFX,FIREFINCH LTD,AU0000114522,,8758575.0,62.0,0.0,,Materials,Australia,web_csv
2026-06-15,IS0E,FNV,FRANCO NEVADA CORP,CA3518581051,,930946.0,207160383.0,5.0,,Materials,Canada,web_csv
2026-06-15,IS0E,FVI,FORTUNA MINING CORP,CA3499421020,,1480925.0,13999084.0,0.0,,Materials,Canada,web_csv
2026-06-15,IS0E,GBP,GBP/USD,CASH,,108226.0,-1.0,0.0,,Cash and/or Derivatives,United States,web_csv
2026-06-15,IS0E,GBP,GBP CASH,CASH,,448554.0,602857.0,0.0,,Cash and/or Derivatives,United Kingdom,web_csv
2026-06-15,IS0E,GBP,GBP/USD,CASH,,-431604.0,-1084.0,0.0,,Cash and/or Derivatives,United States,web_csv
2026-06-15,IS0E,GBP,GBP/USD,CASH,,54113.0,0.0,0.0,,Cash and/or Derivatives,United States,web_csv
2026-06-15,IS0E,GBP,GBP/USD,CASH,,161852.0,403.0,0.0,,Cash and/or Derivatives,United States,web_csv
2026-06-15,IS0E,GBP,GBP/USD,CASH,,-108226.0,-1.0,0.0,,Cash and/or Derivatives,United States,web_csv
2026-06-15,IS0E,GFI,GOLD FIELDS ADR REPRESENTING  LTD,US38059T1060,,4321402.0,171084305.0,5.0,,Materials,South Africa,web_csv
2026-06-15,IS0E,GMD,GENESIS MINERALS LTD,AU000000GMD9,,5533449.0,22625778.0,1.0,,Materials,Australia,web_csv
2026-06-15,IS0E,GMIN,G MINING VENTURES CORP,CA36270K1021,,783923.0,23655968.0,1.0,,Materials,Canada,web_csv
2026-06-15,IS0E,HKD,HKD CASH,CASH,,25309456.0,3230348.0,0.0,,Cash and/or Derivatives,Hong Kong,web_csv
2026-06-15,IS0E,HKD,HKD/USD,CASH,,-3204112.0,-4.0,0.0,,Cash and/or Derivatives,United States,web_csv
2026-06-15,IS0E,HKD,HKD/USD,CASH,,1602056.0,-2.0,0.0,,Cash and/or Derivatives,United States,web_csv
2026-06-15,IS0E,HKD,HKD/USD,CASH,,4477512.0,49.0,0.0,,Cash and/or Derivatives,United States,web_csv
2026-06-15,IS0E,HKD,HKD/USD,CASH,,3204112.0,-4.0,0.0,,Cash and/or Derivatives,United States,web_csv
2026-06-15,IS0E,HKD,HKD/USD,CASH,,-11940032.0,-148.0,0.0,,Cash and/or Derivatives,United States,web_csv
2026-06-15,IS0E,HMY,HARMONY GOLD MINING ADR REPRESENTI,US4132163001,,2635516.0,46174240.0,1.0,,Materials,South Africa,web_csv
2026-06-15,IS0E,HOC,HOCHSCHILD MINING PLC,GB00B1FW5029,,1542073.0,12310924.0,0.0,,Materials,United Kingdom,web_csv
2026-06-15,IS0E,IAUX,I  GOLD CORP,CA44955L1067,,4074937.0,6356902.0,0.0,,Materials,Canada,web_csv
2026-06-15,IS0E,ICSUAGD,BLK ICS USD LIQ AGENCY DIS,CASH,,20432686.0,20432686.0,1.0,,Cash and/or Derivatives,Ireland,web_csv
2026-06-15,IS0E,IMG,IAMGOLD CORP,CA4509131088,,2822623.0,50556552.0,1.0,,Materials,Canada,web_csv
2026-06-15,IS0E,JPY,JPY/USD,CASH,,1226000.0,0.0,0.0,,Cash and/or Derivatives,United States,web_csv
2026-06-15,IS0E,JPY,JPY/USD,CASH,,3514800.0,10.0,0.0,,Cash and/or Derivatives,United States,web_csv
2026-06-15,IS0E,JPY,JPY/USD,CASH,,2452000.0,0.0,0.0,,Cash and/or Derivatives,United States,web_csv
2026-06-15,IS0E,JPY,JPY/USD,CASH,,-9372800.0,-27.0,0.0,,Cash and/or Derivatives,United States,web_csv
2026-06-15,IS0E,JPY,JPY CASH,CASH,,47288342.0,295294.0,0.0,,Cash and/or Derivatives,Japan,web_csv
2026-06-15,IS0E,JPY,JPY/USD,CASH,,-2452000.0,0.0,0.0,,Cash and/or Derivatives,United States,web_csv
2026-06-15,IS0E,K,KINROSS GOLD CORP,CA4969024047,,5793145.0,158441448.0,4.0,,Materials,Canada,web_csv
2026-06-15,IS0E,KCN,KINGSGATE CONSOLIDATED LTD,AU000000KCN1,,1282187.0,5024679.0,0.0,,Materials,Australia,web_csv
2026-06-15,IS0E,KNT,K92 MINING INC,CA4991131083,,1170797.0,19990137.0,1.0,,Materials,Canada,web_csv
2026-06-15,IS0E,LUG,LUNDIN GOLD INC,CA5503711080,,480781.0,28152928.0,1.0,,Materials,Canada,web_csv
2026-06-15,IS0E,LUNR,LUNR ROYALTIES CORP,CA5504281067,,101156.0,1845846.0,0.0,,Materials,Canada,web_csv
2026-06-15,IS0E,MAU,MONTAGE GOLD CORP,CA61178L1013,,1366970.0,17206342.0,0.0,,Materials,Canada,web_csv
2026-06-15,IS0E,MUX,MCEWEN INC,US58039P3055,,239636.0,4816684.0,0.0,,Materials,United States,web_csv
2026-06-15,IS0E,NEM,NEWMONT,US6516391066,,3879790.0,410481782.0,11.0,,Materials,United States,web_csv
2026-06-15,IS0E,NG,NOVAGOLD RESOURCES INC,CA66987E2069,,1394676.0,11324769.0,0.0,,Materials,Canada,web_csv
2026-06-15,IS0E,NST,NORTHERN STAR RESOURCES LTD,AU000000NST8,,6905382.0,101735843.0,3.0,,Materials,Australia,web_csv
2026-06-15,IS0E,OBM,ORA BANDA MINING LTD,AU0000050130,,6856686.0,6243803.0,0.0,,Materials,Australia,web_csv
2026-06-15,IS0E,OGC,OCEANAGOLD CORPORATION CORP,CA6752224007,,1087172.0,30239633.0,1.0,,Materials,Canada,web_csv
2026-06-15,IS0E,OLA,ORLA MINING LTD,CA68634K1066,,1289840.0,14454109.0,0.0,,Materials,Canada,web_csv
2026-06-15,IS0E,OR,OR ROYALTIES INC,CA68390D1069,,905832.0,32779652.0,1.0,,Materials,Canada,web_csv
2026-06-15,IS0E,PAAS,PAN AMERICAN SILVER CORP,CA6979001089,,2037170.0,104012365.0,3.0,,Materials,Canada,web_csv
2026-06-15,IS0E,PAF,PAN AFRICAN RESOURCES PLC,GB0004300496,,9661797.0,14959244.0,0.0,,Materials,United Kingdom,web_csv
2026-06-15,IS0E,PLZL,POLYUS,RU000A0JNAA8,,2397610.0,33.0,0.0,,Materials,Russian Federation,web_csv
2026-06-15,IS0E,PLZL,PUBLIC JOINT STOCK POLYUS GDR,US73181M1172,,1.0,0.0,0.0,,Materials,Russian Federation,web_csv
2026-06-15,IS0E,PNR,PANTORO GOLD LTD,AU000000PNR8,,1632299.0,3169437.0,0.0,,Materials,Australia,web_csv
2026-06-15,IS0E,PPTA,PERPETUA RESOURCES CORP,CA7142661031,,376550.0,9816249.0,0.0,,Materials,United States,web_csv
2026-06-15,IS0E,PRU,PERSEUS MINING LTD,AU000000PRU3,,6538713.0,24604729.0,1.0,,Materials,Australia,web_csv
2026-06-15,IS0E,PTU6,S&P/TSE 60 INDEX SEP 26,,,44.0,0.0,0.0,,Cash and/or Derivatives,,web_csv
2026-06-15,IS0E,RGLD,ROYAL GOLD INC,US7802871084,,391047.0,84278449.0,2.0,,Materials,United States,web_csv
2026-06-15,IS0E,RMS,RAMELIUS RESOURCES LTD,AU000000RMS4,,9316648.0,21061154.0,1.0,,Materials,Australia,web_csv
2026-06-15,IS0E,RRL,REGIS RESOURCES LTD,AU000000RRL8,,3637739.0,17091369.0,0.0,,Materials,Australia,web_csv
2026-06-15,IS0E,RSG,RESOLUTE MINING LTD,AU000000RSG6,,10377293.0,8162794.0,0.0,,Materials,Australia,web_csv
2026-06-15,IS0E,RUB,RUB CASH,CASH,,0.0,0.0,0.0,,Cash and/or Derivatives,Russian Federation,web_csv
2026-06-15,IS0E,SEA,SEABRIDGE GOLD INC,CA8119271028,,410576.0,12486658.0,0.0,,Materials,Canada,web_csv
2026-06-15,IS0E,SKE,SKEENA RESOURCES LTD,CA83056P7157,,582961.0,17508228.0,0.0,,Materials,Canada,web_csv
2026-06-15,IS0E,SSRM,SSR MINING INC,CA7847301032,,975396.0,28233402.0,1.0,,Materials,Canada,web_csv
2026-06-15,IS0E,SX2,SOUTHERN CROSS GOLD CONSOLIDATED C,AU0000367443,,1257386.0,8509495.0,0.0,,Materials,Canada,web_csv
2026-06-15,IS0E,TFPM,TRIPLE FLAG PRECIOUS METALS CORP,CA89679M1041,,340062.0,10446786.0,0.0,,Materials,Canada,web_csv
2026-06-15,IS0E,TXG,TOREX GOLD RESOURCES INC,CA8910546032,,452925.0,20091467.0,1.0,,Materials,Canada,web_csv
2026-06-15,IS0E,USD,USD CASH,CASH,,-13197494.0,-13197494.0,0.0,,Cash and/or Derivatives,United States,web_csv
2026-06-15,IS0E,VAU,VAULT MINERALS LTD,AU0000355588,,5030116.0,16397122.0,0.0,,Materials,Australia,web_csv
2026-06-15,IS0E,VGC,VALOR GOLD CORP,CA9199211066,,210714.0,559411.0,0.0,,Materials,Canada,web_csv
2026-06-15,IS0E,WAF,WEST AFRICAN RESOURCES LTD,AU000000WAF6,,5505018.0,12288563.0,0.0,,Materials,Australia,web_csv
2026-06-15,IS0E,WDO,WESDOME GOLD MINES LTD,CA95083R1001,,730051.0,14267196.0,0.0,,Materials,Canada,web_csv
2026-06-15,IS0E,WGX,WESTGOLD RESOURCES LTD,AU000000WGX6,,4540512.0,16570814.0,0.0,,Materials,Australia,web_csv
2026-06-15,IS0E,WPM,WHEATON PRECIOUS METALS CORP,CA9628791027,,2192606.0,272065462.0,7.0,,Materials,Canada,web_csv
2026-06-15,IS0E,ZAR,ZAR CASH,CASH,,2778674.0,171709.0,0.0,,Cash and/or Derivatives,South Africa,web_csv
2026-06-17,IS0E,1787,SHANDONG GOLD MINING LTD H,CNE1000036N7,,4373760.0,12783059.0,0.0,,Materials,China,web_csv
2026-06-17,IS0E,1818,ZHAOJIN MINING INDUSTRY LTD H,CNE1000004R6,,8088500.0,22070901.0,1.0,,Materials,China,web_csv
2026-06-17,IS0E,2099,CHINA GOLD INTERNATIONAL RESOURCES,CA16890P1036,,1144600.0,23081031.0,1.0,,Materials,China,web_csv
2026-06-17,IS0E,2259,ZIJIN GOLD INTERNATIONAL LTD,HK0001200002,,907900.0,13673018.0,0.0,,Materials,China,web_csv
2026-06-17,IS0E,2899,ZIJIN MINING GROUP LTD H,CNE100000502,,28946000.0,122281546.0,3.0,,Materials,China,web_csv
2026-06-17,IS0E,3330,LINGBAO GOLD GROUP LTD H,CNE1000001H3,,3735200.0,7398607.0,0.0,,Materials,China,web_csv
2026-06-17,IS0E,340,TONGGUAN GOLD GROUP LTD,BMG8919D1074,,11324000.0,2948319.0,0.0,,Materials,China,web_csv
2026-06-17,IS0E,5857,ARE HOLDINGS INC,JP3116700000,,355700.0,7332534.0,0.0,,Materials,Japan,web_csv
2026-06-17,IS0E,6693,CHIFENG JILONG GOLD MINING LTD CLA,CNE100006T51,,1136800.0,4187210.0,0.0,,Materials,China,web_csv
2026-06-17,IS0E,AAUC,ALLIED GOLD CORP,CA01921D2041,,461656.0,11843496.0,0.0,,Materials,Canada,web_csv
2026-06-17,IS0E,ABX,BARRICK MINING CORP,CA06849F1080,,8099646.0,337538204.0,9.0,,Materials,Canada,web_csv
2026-06-17,IS0E,AEM,AGNICO EAGLE MINES LTD,CA0084741085,,2061409.0,360206266.0,9.0,,Materials,Canada,web_csv
2026-06-17,IS0E,AGI,ALAMOS GOLD INC CLASS A,CA0115321089,,2029483.0,76324541.0,2.0,,Materials,Canada,web_csv
2026-06-17,IS0E,ALK,ALKANE RESOURCES LTD,AU000000ALK9,,5141366.0,6085951.0,0.0,,Materials,Australia,web_csv
2026-06-17,IS0E,ARIS,ARIS MINING CORP,CA04040Y1097,,998620.0,17221761.0,0.0,,Materials,Canada,web_csv
2026-06-17,IS0E,AU,ANGLOGOLD ASHANTI PLC,GB00BRXH2664,,2049301.0,186322447.0,5.0,,Materials,South Africa,web_csv
2026-06-17,IS0E,AUD,AUD/USD,CASH,,1232585.0,-1230.0,0.0,,Cash and/or Derivatives,United States,web_csv
2026-06-17,IS0E,AUD,AUD CASH,CASH,,643700.0,454903.0,0.0,,Cash and/or Derivatives,Australia,web_csv
2026-06-17,IS0E,AUD,AUD/USD,CASH,,-616292.0,610.0,0.0,,Cash and/or Derivatives,United States,web_csv
2026-06-17,IS0E,AUGO,AURA MINERALS INC,VGG069731120,,166345.0,10975443.0,0.0,,Materials,Brazil,web_csv
2026-06-17,IS0E,BGL,BELLEVUE GOLD LTD,AU0000019374,,7243159.0,8343547.0,0.0,,Materials,Australia,web_csv
2026-06-17,IS0E,BTO,B2GOLD CORP,CA11777Q2099,,6482923.0,28852036.0,1.0,,Materials,Canada,web_csv
2026-06-17,IS0E,BZFUT,CASH COLLATERAL CAD BZFUT,CASH,,1238000.0,882961.0,0.0,,Cash and/or Derivatives,Canada,web_csv
2026-06-17,IS0E,CAD,CAD/USD,CASH,,7276954.0,-37.0,0.0,,Cash and/or Derivatives,United States,web_csv
2026-06-17,IS0E,CAD,CAD CASH,CASH,,-2942708.0,-2098786.0,0.0,,Cash and/or Derivatives,Canada,web_csv
2026-06-17,IS0E,CDE,COEUR MINING INC,US1921085049,,5033450.0,88236379.0,2.0,,Materials,United States,web_csv
2026-06-17,IS0E,CG,CENTERRA GOLD INC,CA1520061021,,961438.0,16861679.0,0.0,,Materials,Canada,web_csv
2026-06-17,IS0E,CMM,CAPRICORN METALS LTD DEF,AU000000CMM9,,2212499.0,21342772.0,1.0,,Materials,Australia,web_csv
2026-06-17,IS0E,CYL,CATALYST METALS LTD,AU000000CYL6,,1268500.0,5773131.0,0.0,,Materials,Australia,web_csv
2026-06-17,IS0E,DPM,DPM METALS INC,CA26139R1091,,1072930.0,36019410.0,1.0,,Materials,Canada,web_csv
2026-06-17,IS0E,DRD,DRDGOLD ADR REPRESENTING  LTD,US26152H3012,,206696.0,5053717.0,0.0,,Materials,South Africa,web_csv
2026-06-17,IS0E,EDV,ENDEAVOUR MINING,GB00BL6K5J42,,908288.0,53940299.0,1.0,,Materials,United Kingdom,web_csv
2026-06-17,IS0E,ELD,ELDORADO GOLD CORP,CA2849025093,,1147587.0,39385127.0,1.0,,Materials,Canada,web_csv
2026-06-17,IS0E,EMR,EMERALD RESOURCES,AU000000EMR4,,2817712.0,12724260.0,0.0,,Materials,Australia,web_csv
2026-06-17,IS0E,EQX,EQUINOX GOLD CORP,CA29446Y5020,,3793946.0,42130903.0,1.0,,Materials,Canada,web_csv
2026-06-17,IS0E,EUR,EUR CASH,CASH,,8017.0,9292.0,0.0,,Cash and/or Derivatives,European Union,web_csv
2026-06-17,IS0E,EVN,EVOLUTION MINING LTD,AU000000EVN4,,9801848.0,93236962.0,2.0,,Materials,Australia,web_csv
2026-06-17,IS0E,FFM,FIREFLY METALS LTD,AU0000313769,,3692626.0,5401828.0,0.0,,Materials,Australia,web_csv
2026-06-17,IS0E,FFX,FIREFINCH LTD,AU0000114522,,8758575.0,62.0,0.0,,Materials,Australia,web_csv
2026-06-17,IS0E,FNV,FRANCO NEVADA CORP,CA3518581051,,931927.0,213244519.0,6.0,,Materials,Canada,web_csv
2026-06-17,IS0E,FVI,FORTUNA MINING CORP,CA3499421020,,1482503.0,14094405.0,0.0,,Materials,Canada,web_csv
2026-06-17,IS0E,GBP,GBP/USD,CASH,,114160.0,-389.0,0.0,,Cash and/or Derivatives,United States,web_csv
2026-06-17,IS0E,GBP,GBP CASH,CASH,,169668.0,227245.0,0.0,,Cash and/or Derivatives,United Kingdom,web_csv
2026-06-17,IS0E,GBP,GBP/USD,CASH,,-57080.0,193.0,0.0,,Cash and/or Derivatives,United States,web_csv
2026-06-17,IS0E,GFI,GOLD FIELDS ADR REPRESENTING  LTD,US38059T1060,,4325976.0,168237207.0,4.0,,Materials,South Africa,web_csv
2026-06-17,IS0E,GMD,GENESIS MINERALS LTD,AU000000GMD9,,5539348.0,24270875.0,1.0,,Materials,Australia,web_csv
2026-06-17,IS0E,GMIN,G MINING VENTURES CORP,CA36270K1021,,784759.0,24251913.0,1.0,,Materials,Canada,web_csv
2026-06-17,IS0E,HKD,HKD CASH,CASH,,17739685.0,2264072.0,0.0,,Cash and/or Derivatives,Hong Kong,web_csv
2026-06-17,IS0E,HKD,HKD/USD,CASH,,3435132.0,-152.0,0.0,,Cash and/or Derivatives,United States,web_csv
2026-06-17,IS0E,HKD,HKD/USD,CASH,,-1717566.0,72.0,0.0,,Cash and/or Derivatives,United States,web_csv
2026-06-17,IS0E,HMY,HARMONY GOLD MINING ADR REPRESENTI,US4132163001,,2638324.0,45115340.0,1.0,,Materials,South Africa,web_csv
2026-06-17,IS0E,HOC,HOCHSCHILD MINING PLC,GB00B1FW5029,,1543716.0,12767282.0,0.0,,Materials,United Kingdom,web_csv
2026-06-17,IS0E,IAUX,I  GOLD CORP,CA44955L1067,,4079281.0,6200507.0,0.0,,Materials,Canada,web_csv
2026-06-17,IS0E,ICSUAGD,BLK ICS USD LIQ AGENCY DIS,CASH,,6536607.0,6536607.0,0.0,,Cash and/or Derivatives,Ireland,web_csv
2026-06-17,IS0E,IMG,IAMGOLD CORP,CA4509131088,,2825632.0,49979084.0,1.0,,Materials,Canada,web_csv
2026-06-17,IS0E,JPY,JPY/USD,CASH,,2572000.0,3.0,0.0,,Cash and/or Derivatives,United States,web_csv
2026-06-17,IS0E,JPY,JPY/USD,CASH,,-1286000.0,-2.0,0.0,,Cash and/or Derivatives,United States,web_csv
2026-06-17,IS0E,JPY,JPY CASH,CASH,,41384152.0,258127.0,0.0,,Cash and/or Derivatives,Japan,web_csv
2026-06-17,IS0E,K,KINROSS GOLD CORP,CA4969024047,,5799285.0,159655090.0,4.0,,Materials,Canada,web_csv
2026-06-17,IS0E,KCN,KINGSGATE CONSOLIDATED LTD,AU000000KCN1,,1283553.0,5379025.0,0.0,,Materials,Australia,web_csv
2026-06-17,IS0E,KNT,K92 MINING INC,CA4991131083,,1172045.0,19585632.0,1.0,,Materials,Canada,web_csv
2026-06-17,IS0E,LUG,LUNDIN GOLD INC,CA5503711080,,481293.0,27862886.0,1.0,,Materials,Canada,web_csv
2026-06-17,IS0E,LUNR,LUNR ROYALTIES CORP,CA5504281067,,51887.0,762337.0,0.0,,Materials,Canada,web_csv
2026-06-17,IS0E,MAU,MONTAGE GOLD CORP,CA61178L1013,,1368427.0,16308691.0,0.0,,Materials,Canada,web_csv
2026-06-17,IS0E,MUX,MCEWEN INC,US58039P3055,,239891.0,4687470.0,0.0,,Materials,United States,web_csv
2026-06-17,IS0E,NEM,NEWMONT,US6516391066,,3883842.0,410405584.0,11.0,,Materials,United States,web_csv
2026-06-17,IS0E,NG,NOVAGOLD RESOURCES INC,CA66987E2069,,1396163.0,11308920.0,0.0,,Materials,Canada,web_csv
2026-06-17,IS0E,NST,NORTHERN STAR RESOURCES LTD,AU000000NST8,,6912744.0,106742411.0,3.0,,Materials,Australia,web_csv
2026-06-17,IS0E,OBM,ORA BANDA MINING LTD,AU0000050130,,6863994.0,6766844.0,0.0,,Materials,Australia,web_csv
2026-06-17,IS0E,OGC,OCEANAGOLD CORPORATION CORP,CA6752224007,,1088330.0,30233545.0,1.0,,Materials,Canada,web_csv
2026-06-17,IS0E,OLA,ORLA MINING LTD,CA68634K1066,,1291215.0,14467576.0,0.0,,Materials,Canada,web_csv
2026-06-17,IS0E,OR,OR ROYALTIES INC,CA68390D1069,,906798.0,32919206.0,1.0,,Materials,Canada,web_csv
2026-06-17,IS0E,PAAS,PAN AMERICAN SILVER CORP,CA6979001089,,2039342.0,103719762.0,3.0,,Materials,Canada,web_csv
2026-06-17,IS0E,PAF,PAN AFRICAN RESOURCES PLC,GB0004300496,,9672099.0,15312013.0,0.0,,Materials,United Kingdom,web_csv
2026-06-17,IS0E,PLZL,POLYUS,RU000A0JNAA8,,2397610.0,33.0,0.0,,Materials,Russian Federation,web_csv
2026-06-17,IS0E,PLZL,PUBLIC JOINT STOCK POLYUS GDR,US73181M1172,,1.0,0.0,0.0,,Materials,Russian Federation,web_csv
2026-06-17,IS0E,PNR,PANTORO GOLD LTD,AU000000PNR8,,1634039.0,3522065.0,0.0,,Materials,Australia,web_csv
2026-06-17,IS0E,PPTA,PERPETUA RESOURCES CORP,CA7142661031,,376951.0,9460742.0,0.0,,Materials,United States,web_csv
2026-06-17,IS0E,PRU,PERSEUS MINING LTD,AU000000PRU3,,6545685.0,26043454.0,1.0,,Materials,Australia,web_csv
2026-06-17,IS0E,PTU6,S&P/TSE 60 INDEX SEP 26,,,37.0,0.0,0.0,,Cash and/or Derivatives,,web_csv
2026-06-17,IS0E,RGLD,ROYAL GOLD INC,US7802871084,,391464.0,85503567.0,2.0,,Materials,United States,web_csv
2026-06-17,IS0E,RMS,RAMELIUS RESOURCES LTD,AU000000RMS4,,9326581.0,21882435.0,1.0,,Materials,Australia,web_csv
2026-06-17,IS0E,RRL,REGIS RESOURCES LTD,AU000000RRL8,,3641616.0,18143387.0,0.0,,Materials,Australia,web_csv
2026-06-17,IS0E,RSG,RESOLUTE MINING LTD,AU000000RSG6,,10388358.0,8809743.0,0.0,,Materials,Australia,web_csv
2026-06-17,IS0E,RUB,RUB CASH,CASH,,0.0,0.0,0.0,,Cash and/or Derivatives,Russian Federation,web_csv
2026-06-17,IS0E,SEA,SEABRIDGE GOLD INC,CA8119271028,,411013.0,12704731.0,0.0,,Materials,Canada,web_csv
2026-06-17,IS0E,SKE,SKEENA RESOURCES LTD,CA83056P7157,,583582.0,17656051.0,0.0,,Materials,Canada,web_csv
2026-06-17,IS0E,SSRM,SSR MINING INC,CA7847301032,,976436.0,31220046.0,1.0,,Materials,Canada,web_csv
2026-06-17,IS0E,SX2,SOUTHERN CROSS GOLD CONSOLIDATED C,AU0000367443,,1258727.0,9224554.0,0.0,,Materials,Canada,web_csv
2026-06-17,IS0E,TFPM,TRIPLE FLAG PRECIOUS METALS CORP,CA89679M1041,,340424.0,10474211.0,0.0,,Materials,Canada,web_csv
2026-06-17,IS0E,TXG,TOREX GOLD RESOURCES INC,CA8910546032,,453408.0,20262852.0,1.0,,Materials,Canada,web_csv
2026-06-17,IS0E,USD,USD CASH,CASH,,2432233.0,2432233.0,0.0,,Cash and/or Derivatives,United States,web_csv
2026-06-17,IS0E,VAU,VAULT MINERALS LTD,AU0000355588,,5035479.0,17757279.0,0.0,,Materials,Australia,web_csv
2026-06-17,IS0E,VGC,VALOR GOLD CORP,CA9199211066,,210938.0,607795.0,0.0,,Materials,Canada,web_csv
2026-06-17,IS0E,WAF,WEST AFRICAN RESOURCES LTD,AU000000WAF6,,5510885.0,12735154.0,0.0,,Materials,Australia,web_csv
2026-06-17,IS0E,WDO,WESDOME GOLD MINES LTD,CA95083R1001,,730829.0,13552210.0,0.0,,Materials,Canada,web_csv
2026-06-17,IS0E,WGX,WESTGOLD RESOURCES LTD,AU000000WGX6,,4545353.0,17442251.0,0.0,,Materials,Australia,web_csv
2026-06-17,IS0E,WPM,WHEATON PRECIOUS METALS CORP,CA9628791027,,2194907.0,278993171.0,7.0,,Materials,Canada,web_csv
2026-06-17,IS0E,ZAR,ZAR CASH,CASH,,2778674.0,171709.0,0.0,,Cash and/or Derivatives,South Africa,web_csv
2026-06-18,IS0E,NEM,NEWMONT,US6516391066,,3555859.0,369062606.0,10.0,,Materials,United States,web_csv
2026-06-18,IS0E,AEM,AGNICO EAGLE MINES LTD,CA0084741085,,2061409.0,344641247.0,9.0,,Materials,Canada,web_csv
2026-06-18,IS0E,ABX,BARRICK MINING CORP,CA06849F1080,,8099646.0,327439211.0,9.0,,Materials,Canada,web_csv
2026-06-18,IS0E,WPM,WHEATON PRECIOUS METALS CORP,CA9628791027,,2194907.0,268947810.0,7.0,,Materials,Canada,web_csv
2026-06-18,IS0E,FNV,FRANCO NEVADA CORP,CA3518581051,,931927.0,204753988.0,6.0,,Materials,Canada,web_csv
2026-06-18,IS0E,AU,ANGLOGOLD ASHANTI PLC,GB00BRXH2664,,2040471.0,185417600.0,5.0,,Materials,South Africa,web_csv
2026-06-18,IS0E,GFI,GOLD FIELDS ADR REPRESENTING  LTD,US38059T1060,,4300016.0,165980618.0,4.0,,Materials,South Africa,web_csv
2026-06-18,IS0E,K,KINROSS GOLD CORP,CA4969024047,,5799285.0,154844750.0,4.0,,Materials,Canada,web_csv
2026-06-18,IS0E,2899,ZIJIN MINING GROUP LTD H,CNE100000502,,28946000.0,118477819.0,3.0,,Materials,China,web_csv
2026-06-18,IS0E,NST,NORTHERN STAR RESOURCES LTD,AU000000NST8,,6912744.0,104571844.0,3.0,,Materials,Australia,web_csv
2026-06-18,IS0E,PAAS,PAN AMERICAN SILVER CORP,CA6979001089,,2039342.0,100266385.0,3.0,,Materials,Canada,web_csv
2026-06-18,IS0E,EVN,EVOLUTION MINING LTD,AU000000EVN4,,9801848.0,91103825.0,2.0,,Materials,Australia,web_csv
2026-06-18,IS0E,CDE,COEUR MINING INC,US1921085049,,4970161.0,87027519.0,2.0,,Materials,United States,web_csv
2026-06-18,IS0E,RGLD,ROYAL GOLD INC,US7802871084,,391464.0,84094296.0,2.0,,Materials,United States,web_csv
2026-06-18,IS0E,AGI,ALAMOS GOLD INC CLASS A,CA0115321089,,2029483.0,73880397.0,2.0,,Materials,Canada,web_csv
2026-06-18,IS0E,EDV,ENDEAVOUR MINING,GB00BL6K5J42,,908288.0,50311226.0,1.0,,Materials,United Kingdom,web_csv
2026-06-18,IS0E,IMG,IAMGOLD CORP,CA4509131088,,2825632.0,47809305.0,1.0,,Materials,Canada,web_csv
2026-06-18,IS0E,HMY,HARMONY GOLD MINING ADR REPRESENTI,US4132163001,,2627497.0,44693724.0,1.0,,Materials,South Africa,web_csv
2026-06-18,IS0E,EQX,EQUINOX GOLD CORP,CA29446Y5020,,3793946.0,39767981.0,1.0,,Materials,Canada,web_csv
2026-06-18,IS0E,ELD,ELDORADO GOLD CORP,CA2849025093,,1147587.0,37956240.0,1.0,,Materials,Canada,web_csv
2026-06-18,IS0E,DPM,DPM METALS INC,CA26139R1091,,1072930.0,34301541.0,1.0,,Materials,Canada,web_csv
2026-06-18,IS0E,OR,OR ROYALTIES INC,CA68390D1069,,906798.0,31629875.0,1.0,,Materials,Canada,web_csv
2026-06-18,IS0E,SSRM,SSR MINING INC,CA7847301032,,976436.0,30248458.0,1.0,,Materials,Canada,web_csv
2026-06-18,IS0E,OGC,OCEANAGOLD CORPORATION CORP,CA6752224007,,1088330.0,28797060.0,1.0,,Materials,Canada,web_csv
2026-06-18,IS0E,BTO,B2GOLD CORP,CA11777Q2099,,6482923.0,27916124.0,1.0,,Materials,Canada,web_csv
2026-06-18,IS0E,USD,USD CASH,CASH,,27823785.0,27823785.0,1.0,,Cash and/or Derivatives,United States,web_csv
2026-06-18,IS0E,LUG,LUNDIN GOLD INC,CA5503711080,,481293.0,27426492.0,1.0,,Materials,Canada,web_csv
2026-06-18,IS0E,PRU,PERSEUS MINING LTD,AU000000PRU3,,6545685.0,25514714.0,1.0,,Materials,Australia,web_csv
2026-06-18,IS0E,GMD,GENESIS MINERALS LTD,AU000000GMD9,,5539348.0,24242358.0,1.0,,Materials,Australia,web_csv
2026-06-18,IS0E,GMIN,G MINING VENTURES CORP,CA36270K1021,,784759.0,23126755.0,1.0,,Materials,Canada,web_csv
2026-06-18,IS0E,2099,CHINA GOLD INTERNATIONAL RESOURCES,CA16890P1036,,1144600.0,21453081.0,1.0,,Materials,China,web_csv
2026-06-18,IS0E,CMM,CAPRICORN METALS LTD DEF,AU000000CMM9,,2212499.0,21326986.0,1.0,,Materials,Australia,web_csv
2026-06-18,IS0E,RMS,RAMELIUS RESOURCES LTD,AU000000RMS4,,9326581.0,21130227.0,1.0,,Materials,Australia,web_csv
2026-06-18,IS0E,1818,ZHAOJIN MINING INDUSTRY LTD H,CNE1000004R6,,8088500.0,20402754.0,1.0,,Materials,China,web_csv
2026-06-18,IS0E,TXG,TOREX GOLD RESOURCES INC,CA8910546032,,453408.0,19501730.0,1.0,,Materials,Canada,web_csv
2026-06-18,IS0E,KNT,K92 MINING INC,CA4991131083,,1172045.0,19258079.0,1.0,,Materials,Canada,web_csv
2026-06-18,IS0E,RRL,REGIS RESOURCES LTD,AU000000RRL8,,3641616.0,18140666.0,0.0,,Materials,Australia,web_csv
2026-06-18,IS0E,VAU,VAULT MINERALS LTD,AU0000355588,,5035479.0,17927393.0,0.0,,Materials,Australia,web_csv
2026-06-18,IS0E,SKE,SKEENA RESOURCES LTD,CA83056P7157,,583582.0,16731045.0,0.0,,Materials,Canada,web_csv
2026-06-18,IS0E,WGX,WESTGOLD RESOURCES LTD,AU000000WGX6,,4545353.0,16630174.0,0.0,,Materials,Australia,web_csv
2026-06-18,IS0E,ARIS,ARIS MINING CORP,CA04040Y1097,,998620.0,16564100.0,0.0,,Materials,Canada,web_csv
2026-06-18,IS0E,CG,CENTERRA GOLD INC,CA1520061021,,961438.0,15974599.0,0.0,,Materials,Canada,web_csv
2026-06-18,IS0E,MAU,MONTAGE GOLD CORP,CA61178L1013,,1368427.0,15652180.0,0.0,,Materials,Canada,web_csv
2026-06-18,IS0E,PAF,PAN AFRICAN RESOURCES PLC,GB0004300496,,9672099.0,14496007.0,0.0,,Materials,United Kingdom,web_csv
2026-06-18,IS0E,FVI,FORTUNA MINING CORP,CA3499421020,,1482503.0,13754587.0,0.0,,Materials,Canada,web_csv
2026-06-18,IS0E,OLA,ORLA MINING LTD,CA68634K1066,,1291215.0,13479591.0,0.0,,Materials,Canada,web_csv
2026-06-18,IS0E,WDO,WESDOME GOLD MINES LTD,CA95083R1001,,730829.0,12857249.0,0.0,,Materials,Canada,web_csv
2026-06-18,IS0E,2259,ZIJIN GOLD INTERNATIONAL LTD,HK0001200002,,907900.0,12695877.0,0.0,,Materials,China,web_csv
2026-06-18,IS0E,WAF,WEST AFRICAN RESOURCES LTD,AU000000WAF6,,5510885.0,12562966.0,0.0,,Materials,Australia,web_csv
2026-06-18,IS0E,EMR,EMERALD RESOURCES,AU000000EMR4,,2817712.0,12311587.0,0.0,,Materials,Australia,web_csv
2026-06-18,IS0E,SEA,SEABRIDGE GOLD INC,CA8119271028,,411013.0,12194012.0,0.0,,Materials,Canada,web_csv
2026-06-18,IS0E,1787,SHANDONG GOLD MINING LTD H,CNE1000036N7,,4373760.0,11975642.0,0.0,,Materials,China,web_csv
2026-06-18,IS0E,AAUC,ALLIED GOLD CORP,CA01921D2041,,461656.0,11855694.0,0.0,,Materials,Canada,web_csv
2026-06-18,IS0E,HOC,HOCHSCHILD MINING PLC,GB00B1FW5029,,1543716.0,11711376.0,0.0,,Materials,United Kingdom,web_csv
2026-06-18,IS0E,NG,NOVAGOLD RESOURCES INC,CA66987E2069,,1396163.0,10890071.0,0.0,,Materials,Canada,web_csv
2026-06-18,IS0E,AUGO,AURA MINERALS INC,VGG069731120,,163478.0,10387392.0,0.0,,Materials,Brazil,web_csv
2026-06-18,IS0E,TFPM,TRIPLE FLAG PRECIOUS METALS CORP,CA89679M1041,,340424.0,10229959.0,0.0,,Materials,Canada,web_csv
2026-06-18,IS0E,PPTA,PERPETUA RESOURCES CORP,CA7142661031,,376951.0,9189173.0,0.0,,Materials,United States,web_csv
2026-06-18,IS0E,SX2,SOUTHERN CROSS GOLD CONSOLIDATED C,AU0000367443,,1258727.0,8732414.0,0.0,,Materials,Canada,web_csv
2026-06-18,IS0E,RSG,RESOLUTE MINING LTD,AU000000RSG6,,10388358.0,8478728.0,0.0,,Materials,Australia,web_csv
2026-06-18,IS0E,BGL,BELLEVUE GOLD LTD,AU0000019374,,7243159.0,7848281.0,0.0,,Materials,Australia,web_csv
2026-06-18,IS0E,5857,ARE HOLDINGS INC,JP3116700000,,355700.0,7053854.0,0.0,,Materials,Japan,web_csv
2026-06-18,IS0E,3330,LINGBAO GOLD GROUP LTD H,CNE1000001H3,,3735200.0,7053257.0,0.0,,Materials,China,web_csv
2026-06-18,IS0E,IAUX,I  GOLD CORP,CA44955L1067,,4079281.0,6322886.0,0.0,,Materials,Canada,web_csv
2026-06-18,IS0E,OBM,ORA BANDA MINING LTD,AU0000050130,,6863994.0,6230063.0,0.0,,Materials,Australia,web_csv
2026-06-18,IS0E,ALK,ALKANE RESOURCES LTD,AU000000ALK9,,5141366.0,5914555.0,0.0,,Materials,Australia,web_csv
2026-06-18,IS0E,CYL,CATALYST METALS LTD,AU000000CYL6,,1268500.0,5747807.0,0.0,,Materials,Australia,web_csv
2026-06-18,IS0E,FFM,FIREFLY METALS LTD,AU0000313769,,3692626.0,5131310.0,0.0,,Materials,Australia,web_csv
2026-06-18,IS0E,KCN,KINGSGATE CONSOLIDATED LTD,AU000000KCN1,,1283553.0,5048373.0,0.0,,Materials,Australia,web_csv
2026-06-18,IS0E,DRD,DRDGOLD ADR REPRESENTING  LTD,US26152H3012,,206696.0,5037182.0,0.0,,Materials,South Africa,web_csv
2026-06-18,IS0E,MUX,MCEWEN INC,US58039P3055,,239891.0,4649088.0,0.0,,Materials,United States,web_csv
2026-06-18,IS0E,6693,CHIFENG JILONG GOLD MINING LTD CLA,CNE100006T51,,1136800.0,3988696.0,0.0,,Materials,China,web_csv
2026-06-18,IS0E,CAD,CAD CASH,CASH,,4810292.0,3406843.0,0.0,,Cash and/or Derivatives,Canada,web_csv
2026-06-18,IS0E,PNR,PANTORO GOLD LTD,AU000000PNR8,,1634039.0,3276673.0,0.0,,Materials,Australia,web_csv
2026-06-18,IS0E,340,TONGGUAN GOLD GROUP LTD,BMG8919D1074,,11324000.0,2730711.0,0.0,,Materials,China,web_csv
2026-06-18,IS0E,ODV,OSISKO DEVELOPMENT CORP,CA68828E8099,,1024375.0,2714594.0,0.0,,Materials,Canada,web_csv
2026-06-18,IS0E,GROY,GOLD ROYALTY,CA38071H1064,,887046.0,2545822.0,0.0,,Materials,Canada,web_csv
2026-06-18,IS0E,ITRG,INTEGRA RESOURCES CORP,CA45826T5098,,970543.0,2542823.0,0.0,,Materials,Canada,web_csv
2026-06-18,IS0E,DC,DAKOTA GOLD CORP,US46655E1001,,508316.0,2505998.0,0.0,,Materials,United States,web_csv
2026-06-18,IS0E,HKD,HKD CASH,CASH,,19457308.0,2482544.0,0.0,,Cash and/or Derivatives,Hong Kong,web_csv
2026-06-18,IS0E,CTGO,CONTANGO SILVER AND GOLD INC,US21077F1003,,126274.0,2144133.0,0.0,,Materials,United States,web_csv
2026-06-18,IS0E,AUD,AUD CASH,CASH,,1259992.0,886530.0,0.0,,Cash and/or Derivatives,Australia,web_csv
2026-06-18,IS0E,LUNR,LUNR ROYALTIES CORP,CA5504281067,,44456.0,624988.0,0.0,,Materials,Canada,web_csv
2026-06-18,IS0E,BZFUT,CASH COLLATERAL CAD BZFUT,CASH,,827000.0,585715.0,0.0,,Cash and/or Derivatives,Canada,web_csv
2026-06-18,IS0E,VGC,VALOR GOLD CORP,CA9199211066,,210938.0,548279.0,0.0,,Materials,Canada,web_csv
2026-06-18,IS0E,GBP,GBP CASH,CASH,,226748.0,300475.0,0.0,,Cash and/or Derivatives,United Kingdom,web_csv
2026-06-18,IS0E,JPY,JPY CASH,CASH,,42670152.0,265263.0,0.0,,Cash and/or Derivatives,Japan,web_csv
2026-06-18,IS0E,ZAR,ZAR CASH,CASH,,2778674.0,169431.0,0.0,,Cash and/or Derivatives,South Africa,web_csv
2026-06-18,IS0E,EUR,EUR CASH,CASH,,8017.0,9209.0,0.0,,Cash and/or Derivatives,European Union,web_csv
2026-06-18,IS0E,RUB,RUB CASH,CASH,,0.0,0.0,0.0,,Cash and/or Derivatives,Russian Federation,web_csv
2026-06-18,IS0E,PLZL,PUBLIC JOINT STOCK POLYUS GDR,US73181M1172,,1.0,0.0,0.0,,Materials,Russian Federation,web_csv
2026-06-18,IS0E,PLZL,POLYUS,RU000A0JNAA8,,2397610.0,33.0,0.0,,Materials,Russian Federation,web_csv
2026-06-18,IS0E,FFX,FIREFINCH LTD,AU0000114522,,8758575.0,62.0,0.0,,Materials,Australia,web_csv
2026-06-18,IS0E,PTU6,S&P/TSE 60 INDEX SEP 26,,,37.0,0.0,0.0,,Cash and/or Derivatives,,web_csv
2026-06-19,IS0E,NEM,NEWMONT,US6516391066,,3555859.0,369062606.0,10.0,,Materials,United States,web_csv
2026-06-19,IS0E,AEM,AGNICO EAGLE MINES LTD,CA0084741085,,2197933.0,358577889.0,10.0,,Materials,Canada,web_csv
2026-06-19,IS0E,ABX,BARRICK MINING CORP,CA06849F1080,,8049741.0,319059674.0,9.0,,Materials,Canada,web_csv
2026-06-19,IS0E,WPM,WHEATON PRECIOUS METALS CORP,CA9628791027,,2182790.0,253654163.0,7.0,,Materials,Canada,web_csv
2026-06-19,IS0E,FNV,FRANCO NEVADA CORP,CA3518581051,,926549.0,198897747.0,5.0,,Materials,Canada,web_csv
2026-06-19,IS0E,AU,ANGLOGOLD ASHANTI PLC,GB00BRXH2664,,2040471.0,185417600.0,5.0,,Materials,South Africa,web_csv
2026-06-19,IS0E,GFI,GOLD FIELDS ADR REPRESENTING  LTD,US38059T1060,,4300016.0,165980618.0,5.0,,Materials,South Africa,web_csv
2026-06-19,IS0E,K,KINROSS GOLD CORP,CA4969024047,,5729682.0,149339929.0,4.0,,Materials,Canada,web_csv
2026-06-19,IS0E,2899,ZIJIN MINING GROUP LTD H,CNE100000502,,28946000.0,118497474.0,3.0,,Materials,China,web_csv
2026-06-19,IS0E,NST,NORTHERN STAR RESOURCES LTD,AU000000NST8,,6869305.0,100532880.0,3.0,,Materials,Australia,web_csv
2026-06-19,IS0E,PAAS,PAN AMERICAN SILVER CORP,CA6979001089,,2024672.0,98573598.0,3.0,,Materials,Canada,web_csv
2026-06-19,IS0E,CDE,COEUR MINING INC,US1921085049,,4970161.0,87027519.0,2.0,,Materials,United States,web_csv
2026-06-19,IS0E,EVN,EVOLUTION MINING LTD,AU000000EVN4,,9758089.0,85809463.0,2.0,,Materials,Australia,web_csv
2026-06-19,IS0E,RGLD,ROYAL GOLD INC,US7802871084,,391464.0,84094296.0,2.0,,Materials,United States,web_csv
2026-06-19,IS0E,AGI,ALAMOS GOLD INC CLASS A,CA0115321089,,2017662.0,59662393.0,2.0,,Materials,Canada,web_csv
2026-06-19,IS0E,EDV,ENDEAVOUR MINING,GB00BL6K5J42,,904850.0,48389280.0,1.0,,Materials,United Kingdom,web_csv
2026-06-19,IS0E,IMG,IAMGOLD CORP,CA4509131088,,2749321.0,46078981.0,1.0,,Materials,Canada,web_csv
2026-06-19,IS0E,HMY,HARMONY GOLD MINING ADR REPRESENTI,US4132163001,,2627497.0,44693724.0,1.0,,Materials,South Africa,web_csv
2026-06-19,IS0E,EQX,EQUINOX GOLD CORP,CA29446Y5020,,3793946.0,38831980.0,1.0,,Materials,Canada,web_csv
2026-06-19,IS0E,ELD,ELDORADO GOLD CORP,CA2849025093,,1141074.0,36067807.0,1.0,,Materials,Canada,web_csv
2026-06-19,IS0E,DPM,DPM METALS INC,CA26139R1091,,1063853.0,34069711.0,1.0,,Materials,Canada,web_csv
2026-06-19,IS0E,SSRM,SSR MINING INC,CA7847301032,,1040201.0,31947485.0,1.0,,Materials,Canada,web_csv
2026-06-19,IS0E,OR,OR ROYALTIES INC,CA68390D1069,,900798.0,30169569.0,1.0,,Materials,Canada,web_csv
2026-06-19,IS0E,OGC,OCEANAGOLD CORPORATION CORP,CA6752224007,,1077224.0,27849088.0,1.0,,Materials,Canada,web_csv
2026-06-19,IS0E,USD,USD CASH,CASH,,27768480.0,27768480.0,1.0,,Cash and/or Derivatives,United States,web_csv
2026-06-19,IS0E,BTO,B2GOLD CORP,CA11777Q2099,,6408092.0,27302138.0,1.0,,Materials,Canada,web_csv
2026-06-19,IS0E,LUG,LUNDIN GOLD INC,CA5503711080,,476314.0,26371732.0,1.0,,Materials,Canada,web_csv
2026-06-19,IS0E,PRU,PERSEUS MINING LTD,AU000000PRU3,,6456236.0,24674523.0,1.0,,Materials,Australia,web_csv
2026-06-19,IS0E,GMIN,G MINING VENTURES CORP,CA36270K1021,,810909.0,23555343.0,1.0,,Materials,Canada,web_csv
2026-06-19,IS0E,GMD,GENESIS MINERALS LTD,AU000000GMD9,,5539348.0,23151428.0,1.0,,Materials,Australia,web_csv
2026-06-19,IS0E,2099,CHINA GOLD INTERNATIONAL RESOURCES,CA16890P1036,,1144600.0,21456640.0,1.0,,Materials,China,web_csv
2026-06-19,IS0E,CMM,CAPRICORN METALS LTD DEF,AU000000CMM9,,2192464.0,20540537.0,1.0,,Materials,Australia,web_csv
2026-06-19,IS0E,1818,ZHAOJIN MINING INDUSTRY LTD H,CNE1000004R6,,8088500.0,20406139.0,1.0,,Materials,China,web_csv
2026-06-19,IS0E,RMS,RAMELIUS RESOURCES LTD,AU000000RMS4,,9123563.0,20089401.0,1.0,,Materials,Australia,web_csv
2026-06-19,IS0E,KNT,K92 MINING INC,CA4991131083,,1172045.0,19387335.0,1.0,,Materials,Canada,web_csv
2026-06-19,IS0E,TXG,TOREX GOLD RESOURCES INC,CA8910546032,,441396.0,18111667.0,0.0,,Materials,Canada,web_csv
2026-06-19,IS0E,RRL,REGIS RESOURCES LTD,AU000000RRL8,,3641616.0,17722562.0,0.0,,Materials,Australia,web_csv
2026-06-19,IS0E,MAU,MONTAGE GOLD CORP,CA61178L1013,,1474419.0,17306339.0,0.0,,Materials,Canada,web_csv
2026-06-19,IS0E,VAU,VAULT MINERALS LTD,AU0000355588,,4970426.0,16730454.0,0.0,,Materials,Australia,web_csv
2026-06-19,IS0E,SKE,SKEENA RESOURCES LTD,CA83056P7157,,583582.0,16363266.0,0.0,,Materials,Canada,web_csv
2026-06-19,IS0E,WGX,WESTGOLD RESOURCES LTD,AU000000WGX6,,4545353.0,15969018.0,0.0,,Materials,Australia,web_csv
2026-06-19,IS0E,ARIS,ARIS MINING CORP,CA04040Y1097,,987676.0,15884748.0,0.0,,Materials,Canada,web_csv
2026-06-19,IS0E,CG,CENTERRA GOLD INC,CA1520061021,,950253.0,15450451.0,0.0,,Materials,Canada,web_csv
2026-06-19,IS0E,PAF,PAN AFRICAN RESOURCES PLC,GB0004300496,,9672099.0,13615658.0,0.0,,Materials,United Kingdom,web_csv
2026-06-19,IS0E,OLA,ORLA MINING LTD,CA68634K1066,,1291215.0,13288771.0,0.0,,Materials,Canada,web_csv
2026-06-19,IS0E,FVI,FORTUNA MINING CORP,CA3499421020,,1462437.0,13276595.0,0.0,,Materials,Canada,web_csv
2026-06-19,IS0E,2259,ZIJIN GOLD INTERNATIONAL LTD,HK0001200002,,907900.0,12697983.0,0.0,,Materials,China,web_csv
2026-06-19,IS0E,PDI,PREDICTIVE DISCOVERY LTD,AU000000PDI8,,18804862.0,12461629.0,0.0,,Materials,Australia,web_csv
2026-06-19,IS0E,SEA,SEABRIDGE GOLD INC,CA8119271028,,423989.0,12417750.0,0.0,,Materials,Canada,web_csv
2026-06-19,IS0E,WDO,WESDOME GOLD MINES LTD,CA95083R1001,,713116.0,12314097.0,0.0,,Materials,Canada,web_csv
2026-06-19,IS0E,WAF,WEST AFRICAN RESOURCES LTD,AU000000WAF6,,5510885.0,12018620.0,0.0,,Materials,Australia,web_csv
2026-06-19,IS0E,1787,SHANDONG GOLD MINING LTD H,CNE1000036N7,,4373760.0,11977629.0,0.0,,Materials,China,web_csv
2026-06-19,IS0E,AAUC,ALLIED GOLD CORP,CA01921D2041,,461656.0,11808025.0,0.0,,Materials,Canada,web_csv
2026-06-19,IS0E,EMR,EMERALD RESOURCES,AU000000EMR4,,2772423.0,11664970.0,0.0,,Materials,Australia,web_csv
2026-06-19,IS0E,HOC,HOCHSCHILD MINING PLC,GB00B1FW5029,,1519957.0,10949781.0,0.0,,Materials,United Kingdom,web_csv
2026-06-19,IS0E,NG,NOVAGOLD RESOURCES INC,CA66987E2069,,1396163.0,10890071.0,0.0,,Materials,Canada,web_csv
2026-06-19,IS0E,AUGO,AURA MINERALS INC,VGG069731120,,163478.0,10387392.0,0.0,,Materials,Brazil,web_csv
2026-06-19,IS0E,TFPM,TRIPLE FLAG PRECIOUS METALS CORP,CA89679M1041,,334249.0,9867260.0,0.0,,Materials,Canada,web_csv
2026-06-19,IS0E,PPTA,PERPETUA RESOURCES CORP,CA7142661031,,376951.0,9003323.0,0.0,,Materials,United States,web_csv
2026-06-19,IS0E,SX2,SOUTHERN CROSS GOLD CONSOLIDATED C,AU0000367443,,1258727.0,8500231.0,0.0,,Materials,Canada,web_csv
2026-06-19,IS0E,RSG,RESOLUTE MINING LTD,AU000000RSG6,,10147224.0,7898472.0,0.0,,Materials,Australia,web_csv
2026-06-19,IS0E,5857,ARE HOLDINGS INC,JP3116700000,,388100.0,7717693.0,0.0,,Materials,Japan,web_csv
2026-06-19,IS0E,BGL,BELLEVUE GOLD LTD,AU0000019374,,7067068.0,7284999.0,0.0,,Materials,Australia,web_csv
2026-06-19,IS0E,3330,LINGBAO GOLD GROUP LTD H,CNE1000001H3,,3735200.0,7054427.0,0.0,,Materials,China,web_csv
2026-06-19,IS0E,IAUX,I  GOLD CORP,CA44955L1067,,4079281.0,6322886.0,0.0,,Materials,Canada,web_csv
2026-06-19,IS0E,OBM,ORA BANDA MINING LTD,AU0000050130,,6863994.0,5848252.0,0.0,,Materials,Australia,web_csv
2026-06-19,IS0E,ALK,ALKANE RESOURCES LTD,AU000000ALK9,,5141366.0,5768613.0,0.0,,Materials,Australia,web_csv
2026-06-19,IS0E,CYL,CATALYST METALS LTD,AU000000CYL6,,1268500.0,5595179.0,0.0,,Materials,Australia,web_csv
2026-06-19,IS0E,KCN,KINGSGATE CONSOLIDATED LTD,AU000000KCN1,,1283553.0,5040513.0,0.0,,Materials,Australia,web_csv
2026-06-19,IS0E,DRD,DRDGOLD ADR REPRESENTING  LTD,US26152H3012,,206696.0,5037182.0,0.0,,Materials,South Africa,web_csv
2026-06-19,IS0E,MUX,MCEWEN INC,US58039P3055,,239891.0,4649088.0,0.0,,Materials,United States,web_csv
2026-06-19,IS0E,6693,CHIFENG JILONG GOLD MINING LTD CLA,CNE100006T51,,1136800.0,3989357.0,0.0,,Materials,China,web_csv
2026-06-19,IS0E,ORE,OREZONE GOLD CORP,CA68616T1093,,2146917.0,3589175.0,0.0,,Materials,Canada,web_csv
2026-06-19,IS0E,PNR,PANTORO GOLD LTD,AU000000PNR8,,1634039.0,3139683.0,0.0,,Materials,Australia,web_csv
2026-06-19,IS0E,340,TONGGUAN GOLD GROUP LTD,BMG8919D1074,,11324000.0,2731164.0,0.0,,Materials,China,web_csv
2026-06-19,IS0E,ODV,OSISKO DEVELOPMENT CORP,CA68828E8099,,1024375.0,2714594.0,0.0,,Materials,Canada,web_csv
2026-06-19,IS0E,GROY,GOLD ROYALTY,CA38071H1064,,887046.0,2545822.0,0.0,,Materials,Canada,web_csv
2026-06-19,IS0E,ITRG,INTEGRA RESOURCES CORP,CA45826T5098,,970543.0,2542823.0,0.0,,Materials,Canada,web_csv
2026-06-19,IS0E,DC,DAKOTA GOLD CORP,US46655E1001,,508316.0,2505998.0,0.0,,Materials,United States,web_csv
2026-06-19,IS0E,BC8,BLACK CAT SYNDICATE LTD,AU000000BC88,,3501661.0,2504651.0,0.0,,Materials,Australia,web_csv
2026-06-19,IS0E,HKD,HKD CASH,CASH,,19457308.0,2482955.0,0.0,,Cash and/or Derivatives,Hong Kong,web_csv
2026-06-19,IS0E,SBM,ST BARBARA LTD,AU000000SBM8,,5812293.0,2384384.0,0.0,,Materials,Australia,web_csv
2026-06-19,IS0E,CTGO,CONTANGO SILVER AND GOLD INC,US21077F1003,,126274.0,2144133.0,0.0,,Materials,United States,web_csv
2026-06-19,IS0E,GBP,GBP CASH,CASH,,495048.0,654973.0,0.0,,Cash and/or Derivatives,United Kingdom,web_csv
2026-06-19,IS0E,BZFUT,CASH COLLATERAL CAD BZFUT,CASH,,822000.0,579833.0,0.0,,Cash and/or Derivatives,Canada,web_csv
2026-06-19,IS0E,LUNR,LUNR ROYALTIES CORP,CA5504281067,,38788.0,552688.0,0.0,,Materials,Canada,web_csv
2026-06-19,IS0E,VGC,VALOR GOLD CORP,CA9199211066,,210938.0,523755.0,0.0,,Materials,Canada,web_csv
2026-06-19,IS0E,ZAR,ZAR CASH,CASH,,2778674.0,168891.0,0.0,,Cash and/or Derivatives,South Africa,web_csv
2026-06-19,IS0E,EUR,EUR CASH,CASH,,8017.0,9195.0,0.0,,Cash and/or Derivatives,European Union,web_csv
2026-06-19,IS0E,RUB,RUB CASH,CASH,,0.0,0.0,0.0,,Cash and/or Derivatives,Russian Federation,web_csv
2026-06-19,IS0E,PLZL,PUBLIC JOINT STOCK POLYUS GDR,US73181M1172,,1.0,0.0,0.0,,Materials,Russian Federation,web_csv
2026-06-19,IS0E,PLZL,POLYUS,RU000A0JNAA8,,2397610.0,33.0,0.0,,Materials,Russian Federation,web_csv
2026-06-19,IS0E,FFX,FIREFINCH LTD,AU0000114522,,8758575.0,61.0,0.0,,Materials,Australia,web_csv
2026-06-19,IS0E,CAD,CAD/USD,CASH,,23885500.0,-126.0,0.0,,Cash and/or Derivatives,United States,web_csv
2026-06-19,IS0E,AUD,AUD/USD,CASH,,12565842.0,-75.0,0.0,,Cash and/or Derivatives,United States,web_csv
2026-06-19,IS0E,GBP,GBP/USD,CASH,,-419957.0,-3.0,0.0,,Cash and/or Derivatives,United States,web_csv
2026-06-19,IS0E,JPY,JPY/USD,CASH,,82130010.0,-3.0,0.0,,Cash and/or Derivatives,United States,web_csv
2026-06-19,IS0E,HKD,HKD/USD,CASH,,-962353.0,-1.0,0.0,,Cash and/or Derivatives,United States,web_csv
2026-06-19,IS0E,PTU6,S&P/TSE 60 INDEX SEP 26,,,23.0,0.0,0.0,,Cash and/or Derivatives,,web_csv
2026-06-19,IS0E,JPY,JPY CASH,CASH,,-61192616.0,-379677.0,0.0,,Cash and/or Derivatives,Japan,web_csv
2026-06-19,IS0E,AUD,AUD CASH,CASH,,-12551500.0,-8801739.0,0.0,,Cash and/or Derivatives,Australia,web_csv
2026-06-19,IS0E,CAD,CAD CASH,CASH,,-21748829.0,-15341466.0,0.0,,Cash and/or Derivatives,Canada,web_csv
