as_of_date,etf_ticker,constituent_ticker,constituent_name,isin,sedol,shares_held,market_value,weight_pct,currency,sector,country,asset_class,instrument_type,source
2026-06-15,LIT,002176 C2,JIANGXI SPECIAL ELECTRIC -A,,BD5CC72,7185240.0,12077820.48,0.62,USD,,,,equity,web_csv
2026-06-15,LIT,002371 C2,NAURA TECHNOLOGY GROUP CO-A,,BD5LYF1,1100810.0,111123464.56,5.73,USD,,,,equity,web_csv
2026-06-15,LIT,002460 C2,GANFENG LITHIUM GROUP CO L-A,,BD5CB19,5650632.0,59631717.65,3.07,USD,,,,equity,web_csv
2026-06-15,LIT,002466 C2,TIANQI LITHIUM CORP-A,,BD5CKH8,5121493.0,48288232.66,2.49,USD,,,,equity,web_csv
2026-06-15,LIT,002709 C2,GUANGZHOU TINCI MATERIALS -A,,BD5LR63,6666085.0,48351852.08,2.49,USD,,,,equity,web_csv
2026-06-15,LIT,002738 C2,SINOMINE RESOURCE GROUP CO-A,CNE100001WV3,BNR4M32,3129056.0,28937586.93,1.49,USD,,,,equity,web_csv
2026-06-15,LIT,002812 C2,YUNNAN ENERGY NEW MATERIAL-A,,BFCCR30,2856459.0,28707450.99,1.48,USD,,,,equity,web_csv
2026-06-15,LIT,006400 KS,SAMSUNG SDI CO LTD,,6771645,235109.0,86011694.23,4.43,USD,,,,equity,web_csv
2026-06-15,LIT,066970 KS,L&F CO LTD,,6578608,151375.0,14190154.47,0.73,USD,,,,equity,web_csv
2026-06-15,LIT,1211 HK,BYD CO LTD-H,SA123GA0ITH7,6536651,5285321.0,57744639.7,2.98,USD,,,,equity,web_csv
2026-06-15,LIT,2324825D AU,ESG MINERALS LTD,,BPGN3K8,397586.0,0.0,0.0,USD,,,,derivative,web_csv
2026-06-15,LIT,247540 KS,ECOPRO BM CO LTD,,BJ321P7,281078.0,34679179.02,1.79,USD,,,,equity,web_csv
2026-06-15,LIT,300014 C2,EVE ENERGY CO LTD-A,,BD5C7G6,7126094.0,61969243.94,3.19,USD,,,,equity,web_csv
2026-06-15,LIT,300207 C2,SUNWODA ELECTRONIC CO LTD-A,,BD5CCV6,7012691.0,21354973.33,1.1,USD,,,,equity,web_csv
2026-06-15,LIT,300450 C2,WUXI LEAD INTELLIGENT EQUI-A,,BD6QWJ5,5505510.0,34703726.73,1.79,USD,,,,equity,web_csv
2026-06-15,LIT,300750 C2,CONTEMPORARY AMPEREX TECHN-A,,BHQPSY7,1149165.0,67692963.58,3.49,USD,,,,equity,web_csv
2026-06-15,LIT,373220 KS,LG ENERGY SOLUTION,,BNSP8W5,250839.0,69778909.43,3.6,USD,,,,equity,web_csv
2026-06-15,LIT,603659 C1,SHANGHAI PUTAILAI NEW ENERGY,,BF2DZJ5,5034228.0,21721477.39,1.12,USD,,,,equity,web_csv
2026-06-15,LIT,6752 JP,PANASONIC HOLDINGS CORPORATION,,6572707,4063737.0,101758369.99,5.24,USD,,,,equity,web_csv
2026-06-15,LIT,6762 JP,TDK CORP,,6869302,4784973.0,116711031.21,6.01,USD,,,,equity,web_csv
2026-06-15,LIT,ALB,ALBEMARLE CORP,US0126531013,2046853,623910.0,105378399.0,5.43,USD,,,,equity,web_csv
2026-06-15,LIT,AMG NA,AMG CRITICAL MATERIALS N.V.,NL0000888691,B1Z95S1,182724.0,7788215.2,0.4,USD,,,,equity,web_csv
2026-06-15,LIT,ELV AU,ELEVRA LITHIUM LTD,AU0000421851,BVBM1M0,790386.0,6883734.27,0.35,USD,,,,equity,web_csv
2026-06-15,LIT,ENS,ENERSYS,,B020GQ5,193351.0,44745288.42,2.31,USD,,,,equity,web_csv
2026-06-15,LIT,ERA FP,ERAMET,FR0000131757,4017017,45254.0,2784021.08,0.14,USD,,,,equity,web_csv
2026-06-15,LIT,EUR AU,EUROPEAN LITHIUM LTD,,BDGJNV3,7617656.0,2294263.32,0.12,USD,,,,fx,web_csv
2026-06-15,LIT,IGO AU,IGO LTD,AU000000IGO4,6439567,3575438.0,22803669.4,1.18,USD,,,,equity,web_csv
2026-06-15,LIT,INR AU,IONEER LTD,,BGYBHZ4,12701314.0,1305117.55,0.07,USD,,,,equity,web_csv
2026-06-15,LIT,LAC CN,LITHIUM AMERICAS CORP,CA53681J1030,BRBS357,1709970.0,7867978.89,0.41,USD,,,,equity,web_csv
2026-06-15,LIT,LAR CN,LITHIUM ARGENTINA AG,CH1403212751,BS891B2,727188.0,7123835.36,0.37,USD,,,,equity,web_csv
2026-06-15,LIT,LCID,LUCID GROUP INC,,BVY4KF9,966494.0,5074093.5,0.26,USD,,,,equity,web_csv
2026-06-15,LIT,LTR AU,LIONTOWN LTD,AU000000LTR4,B1J89V5,10831749.0,17194105.26,0.89,USD,,,,equity,web_csv
2026-06-15,LIT,MIN AU,MINERAL RESOURCES LTD,AU000000MIN4,B17ZL56,901945.0,45655560.69,2.35,USD,,,,equity,web_csv
2026-06-15,LIT,PLS AU,PLS GROUP LTD,AU000000PLS0,B2368L5,15581730.0,71552309.43,3.69,USD,,,,equity,web_csv
2026-06-15,LIT,PMET CN,PMET RESOURCES INC,,BRJJYV5,810933.0,3708083.92,0.19,USD,,,,equity,web_csv
2026-06-15,LIT,RIO,RIO TINTO PLC-SPON ADR,,2740434,3832135.0,405784775.15,20.91,USD,,,,equity,web_csv
2026-06-15,LIT,SGML,SIGMA LITHIUM CORP,CA8265991023,BNM4ZD8,293398.0,4518329.2,0.23,USD,,,,equity,web_csv
2026-06-15,LIT,SLI CN,STANDARD LITHIUM LTD,CA8536061010,BDSFRL7,1151102.0,4151528.91,0.21,USD,,,,equity,web_csv
2026-06-15,LIT,SQM,QUIMICA Y MINERA CHIL-SP ADR,US8336351056,2771122,754875.0,62858441.25,3.24,USD,,,,equity,web_csv
2026-06-15,LIT,TSLA,TESLA INC,,B616C79,196228.0,80679142.2,4.16,USD,,,,equity,web_csv
2026-06-15,LIT,VUL AU,VULCAN ENERGY RESOURCES LTD,AU0000066086,BKYBH63,1683629.0,4140081.09,0.21,USD,,,,equity,web_csv
2026-06-15,LIT,,CASH,CASH,,-83008.98,-83008.98,-0.0,USD,,,,cash,web_csv
2026-06-15,LIT,,CHINESE YUAN RENMINBI,,,80067.67,11847.48,0.0,USD,,,,fx,web_csv
2026-06-15,LIT,,KOREAN WON,,,1019642969.0,674545.49,0.04,USD,,,,fx,web_csv
2026-06-15,LIT,,OTHER PAYABLE & RECEIVABLES,,,429483.65,429483.65,0.02,USD,,,,cash,web_csv
2026-06-17,LIT,002176 C2,JIANGXI SPECIAL ELECTRIC -A,,BD5CC72,7185240.0,12211698.31,0.63,USD,,,,equity,web_csv
2026-06-17,LIT,002371 C2,NAURA TECHNOLOGY GROUP CO-A,,BD5LYF1,1100810.0,114666215.75,5.91,USD,,,,equity,web_csv
2026-06-17,LIT,002460 C2,GANFENG LITHIUM GROUP CO L-A,,BD5CB19,5650632.0,59610548.51,3.07,USD,,,,equity,web_csv
2026-06-17,LIT,002466 C2,TIANQI LITHIUM CORP-A,,BD5CKH8,5121493.0,48513506.45,2.5,USD,,,,equity,web_csv
2026-06-17,LIT,002709 C2,GUANGZHOU TINCI MATERIALS -A,,BD5LR63,6666085.0,52111142.83,2.69,USD,,,,equity,web_csv
2026-06-17,LIT,002738 C2,SINOMINE RESOURCE GROUP CO-A,CNE100001WV3,BNR4M32,3129056.0,28797719.78,1.49,USD,,,,equity,web_csv
2026-06-17,LIT,002812 C2,YUNNAN ENERGY NEW MATERIAL-A,,BFCCR30,2856459.0,29736648.29,1.53,USD,,,,equity,web_csv
2026-06-17,LIT,006400 KS,SAMSUNG SDI CO LTD,,6771645,235109.0,85465928.62,4.41,USD,,,,equity,web_csv
2026-06-17,LIT,066970 KS,L&F CO LTD,,6578608,151375.0,14066969.6,0.72,USD,,,,equity,web_csv
2026-06-17,LIT,1211 HK,BYD CO LTD-H,SA123GA0ITH7,6536651,5285321.0,55245847.63,2.85,USD,,,,equity,web_csv
2026-06-17,LIT,2324825D AU,ESG MINERALS LTD,,BPGN3K8,397586.0,0.0,0.0,USD,,,,derivative,web_csv
2026-06-17,LIT,247540 KS,ECOPRO BM CO LTD,,BJ321P7,281078.0,33439550.56,1.72,USD,,,,equity,web_csv
2026-06-17,LIT,300014 C2,EVE ENERGY CO LTD-A,,BD5C7G6,7126094.0,71191371.88,3.67,USD,,,,equity,web_csv
2026-06-17,LIT,300207 C2,SUNWODA ELECTRONIC CO LTD-A,,BD5CCV6,7012691.0,21814172.07,1.12,USD,,,,equity,web_csv
2026-06-17,LIT,300450 C2,WUXI LEAD INTELLIGENT EQUI-A,,BD6QWJ5,5505510.0,39194775.06,2.02,USD,,,,equity,web_csv
2026-06-17,LIT,300750 C2,CONTEMPORARY AMPEREX TECHN-A,,BHQPSY7,1149165.0,67821914.48,3.5,USD,,,,equity,web_csv
2026-06-17,LIT,373220 KS,LG ENERGY SOLUTION,,BNSP8W5,250839.0,68968290.81,3.56,USD,,,,equity,web_csv
2026-06-17,LIT,603659 C1,SHANGHAI PUTAILAI NEW ENERGY,,BF2DZJ5,5034228.0,21974391.07,1.13,USD,,,,equity,web_csv
2026-06-17,LIT,6752 JP,PANASONIC HOLDINGS CORPORATION,,6572707,4063737.0,106456855.76,5.49,USD,,,,equity,web_csv
2026-06-17,LIT,6762 JP,TDK CORP,,6869302,4784973.0,114308102.85,5.89,USD,,,,equity,web_csv
2026-06-17,LIT,ALB,ALBEMARLE CORP,US0126531013,2046853,623910.0,103918449.6,5.36,USD,,,,equity,web_csv
2026-06-17,LIT,AMG NA,AMG CRITICAL MATERIALS N.V.,NL0000888691,B1Z95S1,182724.0,7771884.8,0.4,USD,,,,equity,web_csv
2026-06-17,LIT,ELV AU,ELEVRA LITHIUM LTD,AU0000421851,BVBM1M0,790386.0,6814491.0,0.35,USD,,,,equity,web_csv
2026-06-17,LIT,ENS,ENERSYS,,B020GQ5,193351.0,43971401.04,2.27,USD,,,,equity,web_csv
2026-06-17,LIT,ERA FP,ERAMET,FR0000131757,4017017,45254.0,2816410.5,0.14,USD,,,,equity,web_csv
2026-06-17,LIT,EUR AU,EUROPEAN LITHIUM LTD,,BDGJNV3,7617656.0,2180272.28,0.11,USD,,,,fx,web_csv
2026-06-17,LIT,IGO AU,IGO LTD,AU000000IGO4,6439567,3575438.0,22589214.17,1.17,USD,,,,equity,web_csv
2026-06-17,LIT,INR AU,IONEER LTD,,BGYBHZ4,12701314.0,1256640.47,0.07,USD,,,,equity,web_csv
2026-06-17,LIT,LAC CN,LITHIUM AMERICAS CORP,CA53681J1030,BRBS357,1709970.0,7597969.55,0.39,USD,,,,equity,web_csv
2026-06-17,LIT,LAR CN,LITHIUM ARGENTINA AG,CH1403212751,BS891B2,727188.0,6944616.87,0.36,USD,,,,equity,web_csv
2026-06-17,LIT,LCID,LUCID GROUP INC,,BVY4KF9,966494.0,4967779.16,0.26,USD,,,,equity,web_csv
2026-06-17,LIT,LTR AU,LIONTOWN LTD,AU000000LTR4,B1J89V5,10831749.0,16304689.91,0.84,USD,,,,equity,web_csv
2026-06-17,LIT,MIN AU,MINERAL RESOURCES LTD,AU000000MIN4,B17ZL56,901945.0,45873926.1,2.37,USD,,,,equity,web_csv
2026-06-17,LIT,PLS AU,PLS GROUP LTD,AU000000PLS0,B2368L5,15581730.0,70033711.51,3.61,USD,,,,equity,web_csv
2026-06-17,LIT,PMET CN,PMET RESOURCES INC,,BRJJYV5,810933.0,3580112.17,0.18,USD,,,,equity,web_csv
2026-06-17,LIT,RIO,RIO TINTO PLC-SPON ADR,,2740434,3832135.0,393445300.45,20.29,USD,,,,equity,web_csv
2026-06-17,LIT,SGML,SIGMA LITHIUM CORP,CA8265991023,BNM4ZD8,293398.0,4342290.4,0.22,USD,,,,equity,web_csv
2026-06-17,LIT,SLI CN,STANDARD LITHIUM LTD,CA8536061010,BDSFRL7,1151102.0,4006403.08,0.21,USD,,,,equity,web_csv
2026-06-17,LIT,SQM,QUIMICA Y MINERA CHIL-SP ADR,US8336351056,2771122,754875.0,62647076.25,3.23,USD,,,,equity,web_csv
2026-06-17,LIT,TSLA,TESLA INC,,B616C79,196228.0,77780854.64,4.01,USD,,,,equity,web_csv
2026-06-17,LIT,VUL AU,VULCAN ENERGY RESOURCES LTD,AU0000066086,BKYBH63,1683629.0,4164365.07,0.21,USD,,,,equity,web_csv
2026-06-17,LIT,,CASH,CASH,,601357.89,601357.89,0.03,USD,,,,cash,web_csv
2026-06-17,LIT,,OTHER PAYABLE & RECEIVABLES,,,408958.05,408958.05,0.02,USD,,,,cash,web_csv
2026-06-17,LIT,,CHINESE YUAN RENMINBI,,,80067.67,11843.28,0.0,USD,,,,fx,web_csv
2026-06-18,LIT,,CASH,CASH,,601357.89,601357.89,0.03,USD,,,,cash,web_csv
2026-06-18,LIT,,OTHER PAYABLE & RECEIVABLES,,,369529.54,369529.54,0.02,USD,,,,cash,web_csv
2026-06-18,LIT,,CHINESE YUAN RENMINBI,,,80067.67,11828.49,0.0,USD,,,,fx,web_csv
2026-06-18,LIT,2324825D AU,ESG MINERALS LTD,,BPGN3K8,397586.0,0.0,0.0,USD,,,,derivative,web_csv
2026-06-18,LIT,RIO,RIO TINTO PLC-SPON ADR,,2740434,3832135.0,383520070.8,20.18,USD,,,,equity,web_csv
2026-06-18,LIT,002371 C2,NAURA TECHNOLOGY GROUP CO-A,,BD5LYF1,1100810.0,117258410.32,6.17,USD,,,,equity,web_csv
2026-06-18,LIT,6762 JP,TDK CORP,,6869302,4784973.0,114671583.46,6.03,USD,,,,equity,web_csv
2026-06-18,LIT,6752 JP,PANASONIC HOLDINGS CORPORATION,,6572707,4063737.0,108755363.58,5.72,USD,,,,equity,web_csv
2026-06-18,LIT,ALB,ALBEMARLE CORP,US0126531013,2046853,623910.0,100043968.5,5.26,USD,,,,equity,web_csv
2026-06-18,LIT,006400 KS,SAMSUNG SDI CO LTD,,6771645,235109.0,80363355.27,4.23,USD,,,,equity,web_csv
2026-06-18,LIT,TSLA,TESLA INC,,B616C79,196228.0,78587351.72,4.13,USD,,,,equity,web_csv
2026-06-18,LIT,300014 C2,EVE ENERGY CO LTD-A,,BD5C7G6,7126094.0,70176084.69,3.69,USD,,,,equity,web_csv
2026-06-18,LIT,PLS AU,PLS GROUP LTD,AU000000PLS0,B2368L5,15581730.0,67643692.29,3.56,USD,,,,equity,web_csv
2026-06-18,LIT,300750 C2,CONTEMPORARY AMPEREX TECHN-A,,BHQPSY7,1149165.0,66472482.22,3.5,USD,,,,equity,web_csv
2026-06-18,LIT,373220 KS,LG ENERGY SOLUTION,,BNSP8W5,250839.0,65701208.13,3.46,USD,,,,equity,web_csv
2026-06-18,LIT,SQM,QUIMICA Y MINERA CHIL-SP ADR,US8336351056,2771122,754875.0,60155988.75,3.17,USD,,,,equity,web_csv
2026-06-18,LIT,002460 C2,GANFENG LITHIUM GROUP CO L-A,,BD5CB19,5650632.0,57899976.44,3.05,USD,,,,equity,web_csv
2026-06-18,LIT,1211 HK,BYD CO LTD-H,SA123GA0ITH7,6536651,5285321.0,54521215.27,2.87,USD,,,,equity,web_csv
2026-06-18,LIT,002709 C2,GUANGZHOU TINCI MATERIALS -A,,BD5LR63,6666085.0,50824952.81,2.67,USD,,,,equity,web_csv
2026-06-18,LIT,002466 C2,TIANQI LITHIUM CORP-A,,BD5CKH8,5121493.0,47045661.47,2.48,USD,,,,equity,web_csv
2026-06-18,LIT,MIN AU,MINERAL RESOURCES LTD,AU000000MIN4,B17ZL56,901945.0,44911309.44,2.36,USD,,,,equity,web_csv
2026-06-18,LIT,ENS,ENERSYS,,B020GQ5,193351.0,44074360.45,2.32,USD,,,,equity,web_csv
2026-06-18,LIT,300450 C2,WUXI LEAD INTELLIGENT EQUI-A,,BD6QWJ5,5505510.0,38007177.12,2.0,USD,,,,equity,web_csv
2026-06-18,LIT,247540 KS,ECOPRO BM CO LTD,,BJ321P7,281078.0,31712496.74,1.67,USD,,,,equity,web_csv
2026-06-18,LIT,002812 C2,YUNNAN ENERGY NEW MATERIAL-A,,BFCCR30,2856459.0,28568598.89,1.5,USD,,,,equity,web_csv
2026-06-18,LIT,002738 C2,SINOMINE RESOURCE GROUP CO-A,CNE100001WV3,BNR4M32,3129056.0,28063759.28,1.48,USD,,,,equity,web_csv
2026-06-18,LIT,603659 C1,SHANGHAI PUTAILAI NEW ENERGY,,BF2DZJ5,5034228.0,21939522.68,1.15,USD,,,,equity,web_csv
2026-06-18,LIT,IGO AU,IGO LTD,AU000000IGO4,6439567,3575438.0,21735491.27,1.14,USD,,,,equity,web_csv
2026-06-18,LIT,300207 C2,SUNWODA ELECTRONIC CO LTD-A,,BD5CCV6,7012691.0,21548662.34,1.13,USD,,,,equity,web_csv
2026-06-18,LIT,LTR AU,LIONTOWN LTD,AU000000LTR4,B1J89V5,10831749.0,15547308.7,0.82,USD,,,,equity,web_csv
2026-06-18,LIT,066970 KS,L&F CO LTD,,6578608,151375.0,12677773.96,0.67,USD,,,,equity,web_csv
2026-06-18,LIT,002176 C2,JIANGXI SPECIAL ELECTRIC -A,,BD5CC72,7185240.0,11782475.24,0.62,USD,,,,equity,web_csv
2026-06-18,LIT,AMG NA,AMG CRITICAL MATERIALS N.V.,NL0000888691,B1Z95S1,182724.0,7719224.84,0.41,USD,,,,equity,web_csv
2026-06-18,LIT,LAC CN,LITHIUM AMERICAS CORP,CA53681J1030,BRBS357,1709970.0,7496522.04,0.39,USD,,,,equity,web_csv
2026-06-18,LIT,ELV AU,ELEVRA LITHIUM LTD,AU0000421851,BVBM1M0,790386.0,6662274.52,0.35,USD,,,,equity,web_csv
2026-06-18,LIT,LAR CN,LITHIUM ARGENTINA AG,CH1403212751,BS891B2,727188.0,6648958.59,0.35,USD,,,,equity,web_csv
2026-06-18,LIT,LCID,LUCID GROUP INC,,BVY4KF9,966494.0,5180407.84,0.27,USD,,,,equity,web_csv
2026-06-18,LIT,SGML,SIGMA LITHIUM CORP,CA8265991023,BNM4ZD8,293398.0,4004882.7,0.21,USD,,,,equity,web_csv
2026-06-18,LIT,VUL AU,VULCAN ENERGY RESOURCES LTD,AU0000066086,BKYBH63,1683629.0,3980266.41,0.21,USD,,,,equity,web_csv
2026-06-18,LIT,SLI CN,STANDARD LITHIUM LTD,CA8536061010,BDSFRL7,1151102.0,3880622.91,0.2,USD,,,,equity,web_csv
2026-06-18,LIT,PMET CN,PMET RESOURCES INC,,BRJJYV5,810933.0,3463243.03,0.18,USD,,,,equity,web_csv
2026-06-18,LIT,ERA FP,ERAMET,FR0000131757,4017017,45254.0,2669093.53,0.14,USD,,,,equity,web_csv
2026-06-18,LIT,EUR AU,EUROPEAN LITHIUM LTD,,BDGJNV3,7617656.0,2277911.01,0.12,USD,,,,fx,web_csv
2026-06-18,LIT,INR AU,IONEER LTD,,BGYBHZ4,12701314.0,1206448.78,0.06,USD,,,,equity,web_csv
2026-06-22,LIT,ERA FP,ERAMET,FR0000131757,4017017,44514.0,2507673.12,0.13,USD,,,,equity,web_csv
2026-06-22,LIT,EUR AU,EUROPEAN LITHIUM LTD,,BDGJNV3,7495630.0,2180749.46,0.12,USD,,,,fx,web_csv
2026-06-22,LIT,INR AU,IONEER LTD,,BGYBHZ4,12472728.0,1224162.36,0.07,USD,,,,equity,web_csv
2026-06-22,LIT,,CASH,CASH,,206370.83,206370.83,0.01,USD,,,,cash,web_csv
2026-06-22,LIT,2324825D AU,ESG MINERALS LTD,,BPGN3K8,397586.0,0.0,0.0,USD,,,,derivative,web_csv
2026-06-22,LIT,,JAPANESE YEN,,,-3774082.0,-23395.73,-0.0,USD,,,,fx,web_csv
2026-06-22,LIT,,OTHER PAYABLE & RECEIVABLES,CASH,,-8650969.15,-8650969.15,-0.46,USD,,,,cash,web_csv
2026-06-22,LIT,RIO,RIO TINTO PLC-SPON ADR,,2740434,3770789.0,374665595.04,19.95,USD,,,,equity,web_csv
2026-06-22,LIT,002371 C2,NAURA TECHNOLOGY GROUP CO-A,,BD5LYF1,1082310.0,118977283.79,6.34,USD,,,,equity,web_csv
2026-06-22,LIT,6762 JP,TDK CORP,,6869302,4708272.0,118586052.98,6.32,USD,,,,equity,web_csv
2026-06-22,LIT,6752 JP,PANASONIC HOLDINGS CORPORATION,,6572707,3998728.0,108895094.1,5.8,USD,,,,equity,web_csv
2026-06-22,LIT,ALB,ALBEMARLE CORP,US0126531013,2046853,613920.0,96195124.8,5.12,USD,,,,equity,web_csv
2026-06-22,LIT,006400 KS,SAMSUNG SDI CO LTD,,6771645,231335.0,80211784.41,4.27,USD,,,,equity,web_csv
2026-06-22,LIT,TSLA,TESLA INC,,B616C79,193083.0,78208269.15,4.17,USD,,,,equity,web_csv
2026-06-22,LIT,300014 C2,EVE ENERGY CO LTD-A,,BD5C7G6,7011394.0,72657951.13,3.87,USD,,,,equity,web_csv
2026-06-22,LIT,300750 C2,CONTEMPORARY AMPEREX TECHN-A,,BHQPSY7,1130665.0,68232632.2,3.63,USD,,,,equity,web_csv
2026-06-22,LIT,373220 KS,LG ENERGY SOLUTION,,BNSP8W5,246843.0,61903445.55,3.3,USD,,,,equity,web_csv
2026-06-22,LIT,PLS AU,PLS GROUP LTD,AU000000PLS0,B2368L5,15331980.0,59439193.93,3.17,USD,,,,equity,web_csv
2026-06-22,LIT,002460 C2,GANFENG LITHIUM GROUP CO L-A,,BD5CB19,5561832.0,59130010.71,3.15,USD,,,,equity,web_csv
2026-06-22,LIT,SQM,QUIMICA Y MINERA CHIL-SP ADR,US8336351056,2771122,742776.0,58419332.4,3.11,USD,,,,equity,web_csv
2026-06-22,LIT,002709 C2,GUANGZHOU TINCI MATERIALS -A,,BD5LR63,6558785.0,54118613.74,2.88,USD,,,,equity,web_csv
2026-06-22,LIT,1211 HK,BYD CO LTD-H,SA123GA0ITH7,6536651,5200221.0,51966393.98,2.77,USD,,,,equity,web_csv
2026-06-22,LIT,002466 C2,TIANQI LITHIUM CORP-A,,BD5CKH8,5040093.0,48317841.29,2.57,USD,,,,equity,web_csv
2026-06-22,LIT,ENS,ENERSYS,,B020GQ5,190243.0,44315204.42,2.36,USD,,,,equity,web_csv
2026-06-22,LIT,MIN AU,MINERAL RESOURCES LTD,AU000000MIN4,B17ZL56,887478.0,41455002.45,2.21,USD,,,,equity,web_csv
2026-06-22,LIT,300450 C2,WUXI LEAD INTELLIGENT EQUI-A,,BD6QWJ5,5416710.0,37845275.78,2.02,USD,,,,equity,web_csv
2026-06-22,LIT,247540 KS,ECOPRO BM CO LTD,,BJ321P7,276564.0,29991685.4,1.6,USD,,,,equity,web_csv
2026-06-22,LIT,002812 C2,YUNNAN ENERGY NEW MATERIAL-A,,BFCCR30,2812059.0,29896098.77,1.59,USD,,,,equity,web_csv
2026-06-22,LIT,002738 C2,SINOMINE RESOURCE GROUP CO-A,CNE100001WV3,BNR4M32,3077256.0,28533556.69,1.52,USD,,,,equity,web_csv
2026-06-22,LIT,603659 C1,SHANGHAI PUTAILAI NEW ENERGY,,BF2DZJ5,4952828.0,22582282.27,1.2,USD,,,,equity,web_csv
2026-06-22,LIT,300207 C2,SUNWODA ELECTRONIC CO LTD-A,,BD5CCV6,6901691.0,21650846.33,1.15,USD,,,,equity,web_csv
2026-06-22,LIT,IGO AU,IGO LTD,AU000000IGO4,6439567,3518125.0,19583093.81,1.04,USD,,,,equity,web_csv
2026-06-22,LIT,LTR AU,LIONTOWN LTD,AU000000LTR4,B1J89V5,10658145.0,14196613.57,0.76,USD,,,,equity,web_csv
2026-06-22,LIT,066970 KS,L&F CO LTD,,6578608,148933.0,12178557.18,0.65,USD,,,,equity,web_csv
2026-06-22,LIT,002176 C2,JIANGXI SPECIAL ELECTRIC -A,,BD5CC72,7070540.0,11747543.99,0.63,USD,,,,equity,web_csv
2026-06-22,LIT,,CHINESE YUAN RENMINBI,,,62999571.37,9295948.32,0.49,USD,,,,fx,web_csv
2026-06-22,LIT,AMG NA,AMG CRITICAL MATERIALS N.V.,NL0000888691,B1Z95S1,179801.0,7523691.57,0.4,USD,,,,equity,web_csv
2026-06-22,LIT,LAC CN,LITHIUM AMERICAS CORP,CA53681J1030,BRBS357,1682553.0,7264272.77,0.39,USD,,,,equity,web_csv
2026-06-22,LIT,LAR CN,LITHIUM ARGENTINA AG,CH1403212751,BS891B2,715533.0,6416134.66,0.34,USD,,,,equity,web_csv
2026-06-22,LIT,ELV AU,ELEVRA LITHIUM LTD,AU0000421851,BVBM1M0,777732.0,6101120.34,0.33,USD,,,,equity,web_csv
2026-06-22,LIT,LCID,LUCID GROUP INC,,BVY4KF9,951028.0,4907304.48,0.26,USD,,,,equity,web_csv
2026-06-22,LIT,SGML,SIGMA LITHIUM CORP,CA8265991023,BNM4ZD8,288699.0,3839696.7,0.2,USD,,,,equity,web_csv
2026-06-22,LIT,SLI CN,STANDARD LITHIUM LTD,CA8536061010,BDSFRL7,1132639.0,3833621.26,0.2,USD,,,,equity,web_csv
2026-06-22,LIT,VUL AU,VULCAN ENERGY RESOURCES LTD,AU0000066086,BKYBH63,1656656.0,3832620.46,0.2,USD,,,,equity,web_csv
2026-06-22,LIT,PMET CN,PMET RESOURCES INC,,BRJJYV5,797946.0,3433784.02,0.18,USD,,,,equity,web_csv
2026-06-23,LIT,2324825D AU,ESG MINERALS LTD,,BPGN3K8,397586.0,0.0,0.0,USD,,,,derivative,web_csv
2026-06-23,LIT,,OTHER PAYABLE & RECEIVABLES,CASH,,-1178486.14,-1178486.14,-0.07,USD,,,,cash,web_csv
2026-06-23,LIT,,CASH,CASH,,-2029153.59,-2029153.59,-0.11,USD,,,,cash,web_csv
2026-06-23,LIT,002176 C2,JIANGXI SPECIAL ELECTRIC -A,,BD5CC72,7058140.0,11323608.13,0.63,USD,,,,equity,web_csv
2026-06-23,LIT,066970 KS,L&F CO LTD,,6578608,148669.0,10877748.69,0.61,USD,,,,equity,web_csv
2026-06-23,LIT,AMG NA,AMG CRITICAL MATERIALS N.V.,NL0000888691,B1Z95S1,179485.0,7342512.46,0.41,USD,,,,equity,web_csv
2026-06-23,LIT,LAC CN,LITHIUM AMERICAS CORP,CA53681J1030,BRBS357,1679589.0,6956142.5,0.39,USD,,,,equity,web_csv
2026-06-23,LIT,LAR CN,LITHIUM ARGENTINA AG,CH1403212751,BS891B2,714273.0,6032141.76,0.34,USD,,,,equity,web_csv
2026-06-23,LIT,ELV AU,ELEVRA LITHIUM LTD,AU0000421851,BVBM1M0,776364.0,5709231.45,0.32,USD,,,,equity,web_csv
2026-06-23,LIT,LCID,LUCID GROUP INC,,BVY4KF9,949356.0,4927157.64,0.28,USD,,,,equity,web_csv
2026-06-23,LIT,SGML,SIGMA LITHIUM CORP,CA8265991023,BNM4ZD8,288191.0,3634088.51,0.2,USD,,,,equity,web_csv
2026-06-23,LIT,VUL AU,VULCAN ENERGY RESOURCES LTD,AU0000066086,BKYBH63,1653740.0,3610560.79,0.2,USD,,,,equity,web_csv
2026-06-23,LIT,SLI CN,STANDARD LITHIUM LTD,CA8536061010,BDSFRL7,1130643.0,3583654.52,0.2,USD,,,,equity,web_csv
2026-06-23,LIT,PMET CN,PMET RESOURCES INC,,BRJJYV5,796542.0,3360652.64,0.19,USD,,,,equity,web_csv
2026-06-23,LIT,,KOREAN WON,,,4648452060.0,3017887.46,0.17,USD,,,,fx,web_csv
2026-06-23,LIT,RIO,RIO TINTO PLC-SPON ADR,,2740434,3764157.0,359778126.06,20.08,USD,,,,equity,web_csv
2026-06-23,LIT,002371 C2,NAURA TECHNOLOGY GROUP CO-A,,BD5LYF1,1080310.0,118856201.98,6.63,USD,,,,equity,web_csv
2026-06-23,LIT,6762 JP,TDK CORP,,6869302,4699980.0,114710291.48,6.4,USD,,,,equity,web_csv
2026-06-23,LIT,6752 JP,PANASONIC HOLDINGS CORPORATION,,6572707,3991700.0,104514815.39,5.83,USD,,,,equity,web_csv
2026-06-23,LIT,ALB,ALBEMARLE CORP,US0126531013,2046853,612840.0,91913743.2,5.13,USD,,,,equity,web_csv
2026-06-23,LIT,TSLA,TESLA INC,,B616C79,192743.0,73552656.23,4.11,USD,,,,equity,web_csv
2026-06-23,LIT,006400 KS,SAMSUNG SDI CO LTD,,6771645,230927.0,70314070.64,3.92,USD,,,,equity,web_csv
2026-06-23,LIT,300014 C2,EVE ENERGY CO LTD-A,,BD5C7G6,6998994.0,69309005.8,3.87,USD,,,,equity,web_csv
2026-06-23,LIT,300750 C2,CONTEMPORARY AMPEREX TECHN-A,,BHQPSY7,1128665.0,65205442.83,3.64,USD,,,,equity,web_csv
2026-06-23,LIT,PLS AU,PLS GROUP LTD,AU000000PLS0,B2368L5,15304980.0,58025243.17,3.24,USD,,,,equity,web_csv
2026-06-23,LIT,373220 KS,LG ENERGY SOLUTION,,BNSP8W5,246411.0,57911304.29,3.23,USD,,,,equity,web_csv
2026-06-23,LIT,SQM,QUIMICA Y MINERA CHIL-SP ADR,US8336351056,2771122,741468.0,56722302.0,3.17,USD,,,,equity,web_csv
2026-06-23,LIT,002460 C2,GANFENG LITHIUM GROUP CO L-A,,BD5CB19,5552232.0,55570535.61,3.1,USD,,,,equity,web_csv
2026-06-23,LIT,002709 C2,GUANGZHOU TINCI MATERIALS -A,,BD5LR63,6547185.0,52076047.95,2.91,USD,,,,equity,web_csv
2026-06-23,LIT,1211 HK,BYD CO LTD-H,SA123GA0ITH7,6536651,5191021.0,50216039.34,2.8,USD,,,,equity,web_csv
2026-06-23,LIT,002466 C2,TIANQI LITHIUM CORP-A,,BD5CKH8,5031293.0,45409824.22,2.54,USD,,,,equity,web_csv
2026-06-23,LIT,ENS,ENERSYS,,B020GQ5,189907.0,42430921.01,2.37,USD,,,,equity,web_csv
2026-06-23,LIT,MIN AU,MINERAL RESOURCES LTD,AU000000MIN4,B17ZL56,885914.0,39881142.99,2.23,USD,,,,equity,web_csv
2026-06-23,LIT,300450 C2,WUXI LEAD INTELLIGENT EQUI-A,,BD6QWJ5,5407110.0,35264279.9,1.97,USD,,,,equity,web_csv
2026-06-23,LIT,002812 C2,YUNNAN ENERGY NEW MATERIAL-A,,BFCCR30,2807259.0,28431652.73,1.59,USD,,,,equity,web_csv
2026-06-23,LIT,247540 KS,ECOPRO BM CO LTD,,BJ321P7,276076.0,27046593.78,1.51,USD,,,,equity,web_csv
2026-06-23,LIT,002738 C2,SINOMINE RESOURCE GROUP CO-A,CNE100001WV3,BNR4M32,3071656.0,26280944.24,1.47,USD,,,,equity,web_csv
2026-06-23,LIT,603659 C1,SHANGHAI PUTAILAI NEW ENERGY,,BF2DZJ5,4944028.0,21212289.52,1.18,USD,,,,equity,web_csv
2026-06-23,LIT,300207 C2,SUNWODA ELECTRONIC CO LTD-A,,BD5CCV6,6889691.0,20504489.49,1.15,USD,,,,equity,web_csv
2026-06-23,LIT,IGO AU,IGO LTD,AU000000IGO4,6439567,3511929.0,18304608.49,1.02,USD,,,,equity,web_csv
2026-06-23,LIT,LTR AU,LIONTOWN LTD,AU000000LTR4,B1J89V5,10639377.0,13863437.34,0.77,USD,,,,equity,web_csv
2026-06-23,LIT,ERA FP,ERAMET,FR0000131757,4017017,44434.0,2446919.8,0.14,USD,,,,equity,web_csv
2026-06-23,LIT,EUR AU,EUROPEAN LITHIUM LTD,,BDGJNV3,7482438.0,2204088.02,0.12,USD,,,,fx,web_csv
2026-06-23,LIT,INR AU,IONEER LTD,,BGYBHZ4,12448016.0,1294160.9,0.07,USD,,,,equity,web_csv
2026-06-23,LIT,,CHINESE YUAN RENMINBI,,,6710143.34,987642.71,0.06,USD,,,,fx,web_csv
2026-06-24,LIT,ERA FP,ERAMET,FR0000131757,4017017,44434.0,2398678.1,0.13,USD,,,,equity,web_csv
2026-06-24,LIT,EUR AU,EUROPEAN LITHIUM LTD,,BDGJNV3,7482438.0,2140270.72,0.12,USD,,,,fx,web_csv
2026-06-24,LIT,INR AU,IONEER LTD,,BGYBHZ4,12448016.0,1329870.41,0.07,USD,,,,equity,web_csv
2026-06-24,LIT,,CASH,CASH,,837341.29,837341.29,0.05,USD,,,,cash,web_csv
2026-06-24,LIT,,KOREAN WON,,,450000182.0,291781.61,0.02,USD,,,,fx,web_csv
2026-06-24,LIT,,CHINESE YUAN RENMINBI,,,70282.31,10310.62,0.0,USD,,,,fx,web_csv
2026-06-24,LIT,2324825D AU,ESG MINERALS LTD,,BPGN3K8,397586.0,0.0,0.0,USD,,,,derivative,web_csv
2026-06-24,LIT,,OTHER PAYABLE & RECEIVABLES,CASH,,-246727.02,-246727.02,-0.01,USD,,,,cash,web_csv
2026-06-24,LIT,RIO,RIO TINTO PLC-SPON ADR,,2740434,3764157.0,353943682.71,19.63,USD,,,,equity,web_csv
2026-06-24,LIT,002371 C2,NAURA TECHNOLOGY GROUP CO-A,,BD5LYF1,1080310.0,122044204.75,6.77,USD,,,,equity,web_csv
2026-06-24,LIT,6762 JP,TDK CORP,,6869302,4699980.0,110844063.41,6.15,USD,,,,equity,web_csv
2026-06-24,LIT,6752 JP,PANASONIC HOLDINGS CORPORATION,,6572707,3991700.0,109879372.08,6.09,USD,,,,equity,web_csv
2026-06-24,LIT,ALB,ALBEMARLE CORP,US0126531013,2046853,612840.0,90602265.6,5.03,USD,,,,equity,web_csv
2026-06-24,LIT,006400 KS,SAMSUNG SDI CO LTD,,6771645,230927.0,73219843.09,4.06,USD,,,,equity,web_csv
2026-06-24,LIT,TSLA,TESLA INC,,B616C79,192743.0,72380778.79,4.01,USD,,,,equity,web_csv
2026-06-24,LIT,300014 C2,EVE ENERGY CO LTD-A,,BD5C7G6,6998994.0,69255797.74,3.84,USD,,,,equity,web_csv
2026-06-24,LIT,300750 C2,CONTEMPORARY AMPEREX TECHN-A,,BHQPSY7,1128665.0,65463066.74,3.63,USD,,,,equity,web_csv
2026-06-24,LIT,PLS AU,PLS GROUP LTD,AU000000PLS0,B2368L5,15304980.0,59707197.02,3.31,USD,,,,equity,web_csv
2026-06-24,LIT,373220 KS,LG ENERGY SOLUTION,,BNSP8W5,246411.0,58397290.0,3.24,USD,,,,equity,web_csv
2026-06-24,LIT,002460 C2,GANFENG LITHIUM GROUP CO L-A,,BD5CB19,5552232.0,58336515.2,3.24,USD,,,,equity,web_csv
2026-06-24,LIT,SQM,QUIMICA Y MINERA CHIL-SP ADR,US8336351056,2771122,741468.0,56040151.44,3.11,USD,,,,equity,web_csv
2026-06-24,LIT,002709 C2,GUANGZHOU TINCI MATERIALS -A,,BD5LR63,6547185.0,54114047.22,3.0,USD,,,,equity,web_csv
2026-06-24,LIT,1211 HK,BYD CO LTD-H,SA123GA0ITH7,6536651,5191021.0,50286733.11,2.79,USD,,,,equity,web_csv
2026-06-24,LIT,002466 C2,TIANQI LITHIUM CORP-A,,BD5CKH8,5031293.0,48810886.25,2.71,USD,,,,equity,web_csv
2026-06-24,LIT,ENS,ENERSYS,,B020GQ5,189907.0,41578238.58,2.31,USD,,,,equity,web_csv
2026-06-24,LIT,MIN AU,MINERAL RESOURCES LTD,AU000000MIN4,B17ZL56,885914.0,40215250.4,2.23,USD,,,,equity,web_csv
2026-06-24,LIT,300450 C2,WUXI LEAD INTELLIGENT EQUI-A,,BD6QWJ5,5407110.0,35917837.72,1.99,USD,,,,equity,web_csv
2026-06-24,LIT,002812 C2,YUNNAN ENERGY NEW MATERIAL-A,,BFCCR30,2807259.0,28597676.95,1.59,USD,,,,equity,web_csv
2026-06-24,LIT,247540 KS,ECOPRO BM CO LTD,,BJ321P7,276076.0,27298810.18,1.51,USD,,,,equity,web_csv
2026-06-24,LIT,002738 C2,SINOMINE RESOURCE GROUP CO-A,CNE100001WV3,BNR4M32,3071656.0,27149897.16,1.51,USD,,,,equity,web_csv
2026-06-24,LIT,603659 C1,SHANGHAI PUTAILAI NEW ENERGY,,BF2DZJ5,4944028.0,21084558.64,1.17,USD,,,,equity,web_csv
2026-06-24,LIT,300207 C2,SUNWODA ELECTRONIC CO LTD-A,,BD5CCV6,6889691.0,20315820.3,1.13,USD,,,,equity,web_csv
2026-06-24,LIT,IGO AU,IGO LTD,AU000000IGO4,6439567,3511929.0,19195366.14,1.06,USD,,,,equity,web_csv
2026-06-24,LIT,LTR AU,LIONTOWN LTD,AU000000LTR4,B1J89V5,10639377.0,13933084.95,0.77,USD,,,,equity,web_csv
2026-06-24,LIT,002176 C2,JIANGXI SPECIAL ELECTRIC -A,,BD5CC72,7058140.0,11576322.92,0.64,USD,,,,equity,web_csv
2026-06-24,LIT,066970 KS,L&F CO LTD,,6578608,148669.0,10960392.48,0.61,USD,,,,equity,web_csv
2026-06-24,LIT,AMG NA,AMG CRITICAL MATERIALS N.V.,NL0000888691,B1Z95S1,179485.0,7063293.3,0.39,USD,,,,equity,web_csv
2026-06-24,LIT,LAC CN,LITHIUM AMERICAS CORP,CA53681J1030,BRBS357,1679589.0,6616223.21,0.37,USD,,,,equity,web_csv
2026-06-24,LIT,ELV AU,ELEVRA LITHIUM LTD,AU0000421851,BVBM1M0,776364.0,6164464.47,0.34,USD,,,,equity,web_csv
2026-06-24,LIT,LAR CN,LITHIUM ARGENTINA AG,CH1403212751,BS891B2,714273.0,5817903.17,0.32,USD,,,,equity,web_csv
2026-06-24,LIT,LCID,LUCID GROUP INC,,BVY4KF9,949356.0,4889183.4,0.27,USD,,,,equity,web_csv
2026-06-24,LIT,VUL AU,VULCAN ENERGY RESOURCES LTD,AU0000066086,BKYBH63,1653740.0,3704487.02,0.2,USD,,,,equity,web_csv
2026-06-24,LIT,SGML,SIGMA LITHIUM CORP,CA8265991023,BNM4ZD8,288191.0,3596623.68,0.2,USD,,,,equity,web_csv
2026-06-24,LIT,SLI CN,STANDARD LITHIUM LTD,CA8536061010,BDSFRL7,1130643.0,3517009.09,0.2,USD,,,,equity,web_csv
2026-06-24,LIT,PMET CN,PMET RESOURCES INC,,BRJJYV5,796542.0,3501283.52,0.19,USD,,,,equity,web_csv
2026-06-25,LIT,RIO,RIO TINTO PLC-SPON ADR,,2740434,3764157.0,358008972.27,19.96,USD,,,,equity,web_csv
2026-06-25,LIT,002371 C2,NAURA TECHNOLOGY GROUP CO-A,,BD5LYF1,1080310.0,126769166.75,7.07,USD,,,,equity,web_csv
2026-06-25,LIT,6752 JP,PANASONIC HOLDINGS CORPORATION,,6572707,3991700.0,113822830.46,6.35,USD,,,,equity,web_csv
2026-06-25,LIT,6762 JP,TDK CORP,,6869302,4699980.0,113611194.66,6.33,USD,,,,equity,web_csv
2026-06-25,LIT,ALB,ALBEMARLE CORP,US0126531013,2046853,612840.0,86441082.0,4.82,USD,,,,equity,web_csv
2026-06-25,LIT,TSLA,TESLA INC,,B616C79,192743.0,72301754.16,4.03,USD,,,,equity,web_csv
2026-06-25,LIT,006400 KS,SAMSUNG SDI CO LTD,,6771645,230927.0,71991630.7,4.01,USD,,,,equity,web_csv
2026-06-25,LIT,300014 C2,EVE ENERGY CO LTD-A,,BD5C7G6,6998994.0,68760565.72,3.83,USD,,,,equity,web_csv
2026-06-25,LIT,300750 C2,CONTEMPORARY AMPEREX TECHN-A,,BHQPSY7,1128665.0,66703006.93,3.72,USD,,,,equity,web_csv
2026-06-25,LIT,PLS AU,PLS GROUP LTD,AU000000PLS0,B2368L5,15304980.0,56876972.02,3.17,USD,,,,equity,web_csv
2026-06-25,LIT,373220 KS,LG ENERGY SOLUTION,,BNSP8W5,246411.0,56216651.76,3.13,USD,,,,equity,web_csv
2026-06-25,LIT,002460 C2,GANFENG LITHIUM GROUP CO L-A,,BD5CB19,5552232.0,55812568.22,3.11,USD,,,,equity,web_csv
2026-06-25,LIT,SQM,QUIMICA Y MINERA CHIL-SP ADR,US8336351056,2771122,741468.0,54208725.48,3.02,USD,,,,equity,web_csv
2026-06-25,LIT,002709 C2,GUANGZHOU TINCI MATERIALS -A,,BD5LR63,6547185.0,53144220.16,2.96,USD,,,,equity,web_csv
2026-06-25,LIT,1211 HK,BYD CO LTD-H,SA123GA0ITH7,6536651,5191021.0,50349411.35,2.81,USD,,,,equity,web_csv
2026-06-25,LIT,002466 C2,TIANQI LITHIUM CORP-A,,BD5CKH8,5031293.0,47823714.54,2.67,USD,,,,equity,web_csv
2026-06-25,LIT,ENS,ENERSYS,,B020GQ5,189907.0,42983550.38,2.4,USD,,,,equity,web_csv
2026-06-25,LIT,MIN AU,MINERAL RESOURCES LTD,AU000000MIN4,B17ZL56,885914.0,39250206.51,2.19,USD,,,,equity,web_csv
2026-06-25,LIT,300450 C2,WUXI LEAD INTELLIGENT EQUI-A,,BD6QWJ5,5407110.0,34945111.65,1.95,USD,,,,equity,web_csv
2026-06-25,LIT,002812 C2,YUNNAN ENERGY NEW MATERIAL-A,,BFCCR30,2807259.0,28182189.7,1.57,USD,,,,equity,web_csv
2026-06-25,LIT,002738 C2,SINOMINE RESOURCE GROUP CO-A,CNE100001WV3,BNR4M32,3071656.0,26265437.79,1.47,USD,,,,equity,web_csv
2026-06-25,LIT,247540 KS,ECOPRO BM CO LTD,,BJ321P7,276076.0,25766377.6,1.44,USD,,,,equity,web_csv
2026-06-25,LIT,603659 C1,SHANGHAI PUTAILAI NEW ENERGY,,BF2DZJ5,4944028.0,20756273.39,1.16,USD,,,,equity,web_csv
2026-06-25,LIT,300207 C2,SUNWODA ELECTRONIC CO LTD-A,,BD5CCV6,6889691.0,20059831.6,1.12,USD,,,,equity,web_csv
2026-06-25,LIT,IGO AU,IGO LTD,AU000000IGO4,6439567,3511929.0,18533630.97,1.03,USD,,,,equity,web_csv
2026-06-25,LIT,LTR AU,LIONTOWN LTD,AU000000LTR4,B1J89V5,10639377.0,12934519.25,0.72,USD,,,,equity,web_csv
2026-06-25,LIT,002176 C2,JIANGXI SPECIAL ELECTRIC -A,,BD5CC72,7058140.0,10970529.86,0.61,USD,,,,equity,web_csv
2026-06-25,LIT,066970 KS,L&F CO LTD,,6578608,148669.0,10387269.56,0.58,USD,,,,equity,web_csv
2026-06-25,LIT,AMG NA,AMG CRITICAL MATERIALS N.V.,NL0000888691,B1Z95S1,179485.0,6824105.46,0.38,USD,,,,equity,web_csv
2026-06-25,LIT,LAC CN,LITHIUM AMERICAS CORP,CA53681J1030,BRBS357,1679589.0,6468827.2,0.36,USD,,,,equity,web_csv
2026-06-25,LIT,LAR CN,LITHIUM ARGENTINA AG,CH1403212751,BS891B2,714273.0,5733294.98,0.32,USD,,,,equity,web_csv
2026-06-25,LIT,ELV AU,ELEVRA LITHIUM LTD,AU0000421851,BVBM1M0,776364.0,5636240.69,0.31,USD,,,,equity,web_csv
2026-06-25,LIT,LCID,LUCID GROUP INC,,BVY4KF9,949356.0,4860702.72,0.27,USD,,,,equity,web_csv
2026-06-25,LIT,VUL AU,VULCAN ENERGY RESOURCES LTD,AU0000066086,BKYBH63,1653740.0,3564045.59,0.2,USD,,,,equity,web_csv
2026-06-25,LIT,SGML,SIGMA LITHIUM CORP,CA8265991023,BNM4ZD8,288191.0,3501520.65,0.2,USD,,,,equity,web_csv
2026-06-25,LIT,SLI CN,STANDARD LITHIUM LTD,CA8536061010,BDSFRL7,1130643.0,3295801.46,0.18,USD,,,,equity,web_csv
2026-06-25,LIT,PMET CN,PMET RESOURCES INC,,BRJJYV5,796542.0,3241691.79,0.18,USD,,,,equity,web_csv
2026-06-25,LIT,ERA FP,ERAMET,FR0000131757,4017017,44434.0,2315218.66,0.13,USD,,,,equity,web_csv
2026-06-25,LIT,EUR AU,EUROPEAN LITHIUM LTD,,BDGJNV3,7482438.0,2041557.65,0.11,USD,,,,fx,web_csv
2026-06-25,LIT,INR AU,IONEER LTD,,BGYBHZ4,12448016.0,1203786.86,0.07,USD,,,,equity,web_csv
2026-06-25,LIT,,CASH,CASH,,1131837.29,1131837.29,0.06,USD,,,,cash,web_csv
2026-06-25,LIT,,CHINESE YUAN RENMINBI,,,70282.31,10334.95,0.0,USD,,,,fx,web_csv
2026-06-25,LIT,2324825D AU,ESG MINERALS LTD,,BPGN3K8,397586.0,0.0,0.0,USD,,,,derivative,web_csv
2026-06-25,LIT,,OTHER PAYABLE & RECEIVABLES,CASH,,-281086.98,-281086.98,-0.02,USD,,,,cash,web_csv
2026-06-26,LIT,ERA FP,ERAMET,FR0000131757,4017017,44434.0,2286560.13,0.13,USD,,,,equity,web_csv
2026-06-26,LIT,EUR AU,EUROPEAN LITHIUM LTD,,BDGJNV3,7482438.0,1962037.88,0.11,USD,,,,fx,web_csv
2026-06-26,LIT,INR AU,IONEER LTD,,BGYBHZ4,12448016.0,1288463.33,0.07,USD,,,,equity,web_csv
2026-06-26,LIT,,CASH,CASH,,1131837.29,1131837.29,0.07,USD,,,,cash,web_csv
2026-06-26,LIT,,CHINESE YUAN RENMINBI,,,70282.31,10331.15,0.0,USD,,,,fx,web_csv
2026-06-26,LIT,2324825D AU,ESG MINERALS LTD,,BPGN3K8,397586.0,0.0,0.0,USD,,,,derivative,web_csv
2026-06-26,LIT,,OTHER PAYABLE & RECEIVABLES,CASH,,-7694478.62,-7694478.62,-0.45,USD,,,,cash,web_csv
2026-06-26,LIT,002176 C2,JIANGXI SPECIAL ELECTRIC -A,,BD5CC72,7058140.0,10105363.64,0.59,USD,,,,equity,web_csv
2026-06-26,LIT,066970 KS,L&F CO LTD,,6578608,148669.0,9581235.57,0.56,USD,,,,equity,web_csv
2026-06-26,LIT,AMG NA,AMG CRITICAL MATERIALS N.V.,NL0000888691,B1Z95S1,179485.0,6728795.67,0.39,USD,,,,equity,web_csv
2026-06-26,LIT,LAC CN,LITHIUM AMERICAS CORP,CA53681J1030,BRBS357,1679589.0,6375565.84,0.37,USD,,,,equity,web_csv
2026-06-26,LIT,LCID,LUCID GROUP INC,,BVY4KF9,949356.0,5620187.52,0.33,USD,,,,equity,web_csv
2026-06-26,LIT,LAR CN,LITHIUM ARGENTINA AG,CH1403212751,BS891B2,714273.0,5553416.61,0.32,USD,,,,equity,web_csv
2026-06-26,LIT,ELV AU,ELEVRA LITHIUM LTD,AU0000421851,BVBM1M0,776364.0,5126937.13,0.3,USD,,,,equity,web_csv
2026-06-26,LIT,VUL AU,VULCAN ENERGY RESOURCES LTD,AU0000066086,BKYBH63,1653740.0,3412079.05,0.2,USD,,,,equity,web_csv
2026-06-26,LIT,SGML,SIGMA LITHIUM CORP,CA8265991023,BNM4ZD8,288191.0,3374716.61,0.2,USD,,,,equity,web_csv
2026-06-26,LIT,SLI CN,STANDARD LITHIUM LTD,CA8536061010,BDSFRL7,1130643.0,3169096.9,0.18,USD,,,,equity,web_csv
2026-06-26,LIT,PMET CN,PMET RESOURCES INC,,BRJJYV5,796542.0,3135793.36,0.18,USD,,,,equity,web_csv
2026-06-26,LIT,RIO,RIO TINTO PLC-SPON ADR,,2740434,3764157.0,352852077.18,20.56,USD,,,,equity,web_csv
2026-06-26,LIT,002371 C2,NAURA TECHNOLOGY GROUP CO-A,,BD5LYF1,1080310.0,129163340.12,7.53,USD,,,,equity,web_csv
2026-06-26,LIT,6752 JP,PANASONIC HOLDINGS CORPORATION,,6572707,3991700.0,112049451.26,6.53,USD,,,,equity,web_csv
2026-06-26,LIT,6762 JP,TDK CORP,,6869302,4699980.0,103888635.73,6.05,USD,,,,equity,web_csv
2026-06-26,LIT,ALB,ALBEMARLE CORP,US0126531013,2046853,612840.0,81936708.0,4.77,USD,,,,equity,web_csv
2026-06-26,LIT,TSLA,TESLA INC,,B616C79,192743.0,73186444.53,4.26,USD,,,,equity,web_csv
2026-06-26,LIT,006400 KS,SAMSUNG SDI CO LTD,,6771645,230927.0,68468516.23,3.99,USD,,,,equity,web_csv
2026-06-26,LIT,300014 C2,EVE ENERGY CO LTD-A,,BD5C7G6,6998994.0,64002736.57,3.73,USD,,,,equity,web_csv
2026-06-26,LIT,300750 C2,CONTEMPORARY AMPEREX TECHN-A,,BHQPSY7,1128665.0,63211013.6,3.68,USD,,,,equity,web_csv
2026-06-26,LIT,373220 KS,LG ENERGY SOLUTION,,BNSP8W5,246411.0,53229015.05,3.1,USD,,,,equity,web_csv
2026-06-26,LIT,PLS AU,PLS GROUP LTD,AU000000PLS0,B2368L5,15304980.0,53228468.16,3.1,USD,,,,equity,web_csv
2026-06-26,LIT,SQM,QUIMICA Y MINERA CHIL-SP ADR,US8336351056,2771122,741468.0,53081694.12,3.09,USD,,,,equity,web_csv
2026-06-26,LIT,002460 C2,GANFENG LITHIUM GROUP CO L-A,,BD5CB19,5552232.0,51727627.6,3.01,USD,,,,equity,web_csv
2026-06-26,LIT,002709 C2,GUANGZHOU TINCI MATERIALS -A,,BD5LR63,6547185.0,48129814.54,2.8,USD,,,,equity,web_csv
2026-06-26,LIT,1211 HK,BYD CO LTD-H,SA123GA0ITH7,6536651,5191021.0,48092284.97,2.8,USD,,,,equity,web_csv
2026-06-26,LIT,002466 C2,TIANQI LITHIUM CORP-A,,BD5CKH8,5031293.0,43575769.86,2.54,USD,,,,equity,web_csv
2026-06-26,LIT,ENS,ENERSYS,,B020GQ5,189907.0,42140363.3,2.46,USD,,,,equity,web_csv
2026-06-26,LIT,MIN AU,MINERAL RESOURCES LTD,AU000000MIN4,B17ZL56,885914.0,38599067.02,2.25,USD,,,,equity,web_csv
2026-06-26,LIT,300450 C2,WUXI LEAD INTELLIGENT EQUI-A,,BD6QWJ5,5407110.0,32452436.27,1.89,USD,,,,equity,web_csv
2026-06-26,LIT,002812 C2,YUNNAN ENERGY NEW MATERIAL-A,,BFCCR30,2807259.0,25939379.35,1.51,USD,,,,equity,web_csv
2026-06-26,LIT,002738 C2,SINOMINE RESOURCE GROUP CO-A,CNE100001WV3,BNR4M32,3071656.0,24287166.04,1.42,USD,,,,equity,web_csv
2026-06-26,LIT,247540 KS,ECOPRO BM CO LTD,,BJ321P7,276076.0,24052757.2,1.4,USD,,,,equity,web_csv
2026-06-26,LIT,603659 C1,SHANGHAI PUTAILAI NEW ENERGY,,BF2DZJ5,4944028.0,19186138.25,1.12,USD,,,,equity,web_csv
2026-06-26,LIT,300207 C2,SUNWODA ELECTRONIC CO LTD-A,,BD5CCV6,6889691.0,18634609.16,1.09,USD,,,,equity,web_csv
2026-06-26,LIT,IGO AU,IGO LTD,AU000000IGO4,6439567,3511929.0,17715106.57,1.03,USD,,,,equity,web_csv
2026-06-26,LIT,LTR AU,LIONTOWN LTD,AU000000LTR4,B1J89V5,10639377.0,12187228.43,0.71,USD,,,,equity,web_csv
2026-06-29,LIT,,CHINESE YUAN RENMINBI,,,16051489.05,2360304.83,0.13,USD,,,,fx,web_csv
2026-06-29,LIT,ERA FP,ERAMET,FR0000131757,4017017,44341.0,2342986.81,0.13,USD,,,,equity,web_csv
2026-06-29,LIT,EUR AU,EUROPEAN LITHIUM LTD,,BDGJNV3,7457440.0,2052440.52,0.12,USD,,,,fx,web_csv
2026-06-29,LIT,INR AU,IONEER LTD,,BGYBHZ4,12448016.0,1241906.67,0.07,USD,,,,equity,web_csv
2026-06-29,LIT,,CANADIAN DOLLAR,,,75178.46,52903.46,0.0,USD,,,,fx,web_csv
2026-06-29,LIT,2324825D AU,ESG MINERALS LTD,,BPGN3K8,397586.0,0.0,0.0,USD,,,,derivative,web_csv
2026-06-29,LIT,,OTHER PAYABLE & RECEIVABLES,CASH,,-5523109.44,-5523109.44,-0.31,USD,,,,cash,web_csv
2026-06-29,LIT,RIO,RIO TINTO PLC-SPON ADR,,2740434,3748068.0,353405331.72,20.11,USD,,,,equity,web_csv
2026-06-29,LIT,002371 C2,NAURA TECHNOLOGY GROUP CO-A,,BD5LYF1,1077110.0,136240809.77,7.75,USD,,,,equity,web_csv
2026-06-29,LIT,6752 JP,PANASONIC HOLDINGS CORPORATION,,6572707,3973300.0,107788352.73,6.13,USD,,,,equity,web_csv
2026-06-29,LIT,6762 JP,TDK CORP,,6869302,4686680.0,103987657.02,5.92,USD,,,,equity,web_csv
2026-06-29,LIT,ALB,ALBEMARLE CORP,US0126531013,2046853,611066.0,79267481.52,4.51,USD,,,,equity,web_csv
2026-06-29,LIT,TSLA,TESLA INC,,B616C79,192194.0,79153176.96,4.5,USD,,,,equity,web_csv
2026-06-29,LIT,006400 KS,SAMSUNG SDI CO LTD,,6771645,230283.0,76321258.37,4.34,USD,,,,equity,web_csv
2026-06-29,LIT,300014 C2,EVE ENERGY CO LTD-A,,BD5C7G6,6966994.0,66180603.53,3.77,USD,,,,equity,web_csv
2026-06-29,LIT,300750 C2,CONTEMPORARY AMPEREX TECHN-A,,BHQPSY7,1123565.0,64823980.74,3.69,USD,,,,equity,web_csv
2026-06-29,LIT,373220 KS,LG ENERGY SOLUTION,,BNSP8W5,245194.0,63566169.53,3.62,USD,,,,equity,web_csv
2026-06-29,LIT,PLS AU,PLS GROUP LTD,AU000000PLS0,B2368L5,15261437.0,53343310.05,3.04,USD,,,,equity,web_csv
2026-06-29,LIT,002460 C2,GANFENG LITHIUM GROUP CO L-A,,BD5CB19,5522232.0,52026204.19,2.96,USD,,,,equity,web_csv
2026-06-29,LIT,SQM,QUIMICA Y MINERA CHIL-SP ADR,US8336351056,2771122,739357.0,51651480.02,2.94,USD,,,,equity,web_csv
2026-06-29,LIT,002709 C2,GUANGZHOU TINCI MATERIALS -A,,BD5LR63,6517185.0,48788325.79,2.78,USD,,,,equity,web_csv
2026-06-29,LIT,1211 HK,BYD CO LTD-H,SA123GA0ITH7,6536651,5167221.0,48028867.89,2.73,USD,,,,equity,web_csv
2026-06-29,LIT,002466 C2,TIANQI LITHIUM CORP-A,,BD5CKH8,5006093.0,44071815.41,2.51,USD,,,,equity,web_csv
2026-06-29,LIT,ENS,ENERSYS,,B020GQ5,189010.0,42362811.3,2.41,USD,,,,equity,web_csv
2026-06-29,LIT,MIN AU,MINERAL RESOURCES LTD,AU000000MIN4,B17ZL56,883414.0,37776892.55,2.15,USD,,,,equity,web_csv
2026-06-29,LIT,300450 C2,WUXI LEAD INTELLIGENT EQUI-A,,BD6QWJ5,5382710.0,31448874.57,1.79,USD,,,,equity,web_csv
2026-06-29,LIT,247540 KS,ECOPRO BM CO LTD,,BJ321P7,275311.0,27533773.18,1.57,USD,,,,equity,web_csv
2026-06-29,LIT,002812 C2,YUNNAN ENERGY NEW MATERIAL-A,,BFCCR30,2790959.0,26807258.46,1.53,USD,,,,equity,web_csv
2026-06-29,LIT,002738 C2,SINOMINE RESOURCE GROUP CO-A,CNE100001WV3,BNR4M32,3060656.0,24136544.02,1.37,USD,,,,equity,web_csv
2026-06-29,LIT,603659 C1,SHANGHAI PUTAILAI NEW ENERGY,,BF2DZJ5,4922128.0,19896670.69,1.13,USD,,,,equity,web_csv
2026-06-29,LIT,300207 C2,SUNWODA ELECTRONIC CO LTD-A,,BD5CCV6,6854091.0,18625356.83,1.06,USD,,,,equity,web_csv
2026-06-29,LIT,IGO AU,IGO LTD,AU000000IGO4,6439567,3501945.0,17637670.4,1.0,USD,,,,equity,web_csv
2026-06-29,LIT,LTR AU,LIONTOWN LTD,AU000000LTR4,B1J89V5,10609062.0,12117300.99,0.69,USD,,,,equity,web_csv
2026-06-29,LIT,066970 KS,L&F CO LTD,,6578608,148281.0,11220538.5,0.64,USD,,,,equity,web_csv
2026-06-29,LIT,002176 C2,JIANGXI SPECIAL ELECTRIC -A,,BD5CC72,7023740.0,10007946.45,0.57,USD,,,,equity,web_csv
2026-06-29,LIT,AMG NA,AMG CRITICAL MATERIALS N.V.,NL0000888691,B1Z95S1,178952.0,6585986.32,0.38,USD,,,,equity,web_csv
2026-06-29,LIT,LAC CN,LITHIUM AMERICAS CORP,CA53681J1030,BRBS357,1674831.0,6317226.11,0.36,USD,,,,equity,web_csv
2026-06-29,LIT,LCID,LUCID GROUP INC,,BVY4KF9,944809.0,6150706.59,0.35,USD,,,,equity,web_csv
2026-06-29,LIT,LAR CN,LITHIUM ARGENTINA AG,CH1403212751,BS891B2,712149.0,5662913.83,0.32,USD,,,,equity,web_csv
2026-06-29,LIT,ELV AU,ELEVRA LITHIUM LTD,AU0000421851,BVBM1M0,774125.0,5155933.07,0.29,USD,,,,equity,web_csv
2026-06-29,LIT,,CASH,CASH,,3492348.04,3492348.04,0.2,USD,,,,cash,web_csv
2026-06-29,LIT,SGML,SIGMA LITHIUM CORP,CA8265991023,BNM4ZD8,287359.0,3416698.51,0.19,USD,,,,equity,web_csv
2026-06-29,LIT,VUL AU,VULCAN ENERGY RESOURCES LTD,AU0000066086,BKYBH63,1649001.0,3415137.82,0.19,USD,,,,equity,web_csv
2026-06-29,LIT,SLI CN,STANDARD LITHIUM LTD,CA8536061010,BDSFRL7,1127452.0,3141838.72,0.18,USD,,,,equity,web_csv
2026-06-29,LIT,PMET CN,PMET RESOURCES INC,,BRJJYV5,794168.0,3079318.59,0.17,USD,,,,equity,web_csv
2026-06-30,LIT,,KOREAN WON,,,978234485.0,631404.17,0.04,USD,,,,fx,web_csv
2026-06-30,LIT,,CHINESE YUAN RENMINBI,,,1460636.3,215179.18,0.01,USD,,,,fx,web_csv
2026-06-30,LIT,,CANADIAN DOLLAR,,,75178.46,52989.22,0.0,USD,,,,fx,web_csv
2026-06-30,LIT,2324825D AU,ESG MINERALS LTD,,BPGN3K8,397586.0,0.0,0.0,USD,,,,derivative,web_csv
2026-06-30,LIT,,CURRENCY CONTRACT - USD,,,-1732269.99,-43.44,0.0,USD,,,,residual,web_csv
2026-06-30,LIT,,OTHER PAYABLE & RECEIVABLES,CASH,,-5217451.58,-5217451.58,-0.29,USD,,,,cash,web_csv
2026-06-30,LIT,,CURRENCY CONTRACT - USD,,,220851.61,,,USD,,,,residual,web_csv
2026-06-30,LIT,ERA FP,ERAMET,FR0000131757,4017017,44341.0,2278239.02,0.13,USD,,,,equity,web_csv
2026-06-30,LIT,EUR AU,EUROPEAN LITHIUM LTD,,BDGJNV3,7457440.0,2169933.08,0.12,USD,,,,fx,web_csv
2026-06-30,LIT,INR AU,IONEER LTD,,BGYBHZ4,12448016.0,1293596.04,0.07,USD,,,,equity,web_csv
2026-06-30,LIT,RIO,RIO TINTO PLC-SPON ADR,,2740434,3748068.0,355804095.24,20.07,USD,,,,equity,web_csv
2026-06-30,LIT,002371 C2,NAURA TECHNOLOGY GROUP CO-A,,BD5LYF1,1077110.0,140360698.53,7.92,USD,,,,equity,web_csv
2026-06-30,LIT,6752 JP,PANASONIC HOLDINGS CORPORATION,,6572707,3973300.0,110061815.72,6.21,USD,,,,equity,web_csv
2026-06-30,LIT,6762 JP,TDK CORP,,6869302,4686680.0,102946916.47,5.81,USD,,,,equity,web_csv
2026-06-30,LIT,ALB,ALBEMARLE CORP,US0126531013,2046853,611066.0,82512241.98,4.66,USD,,,,equity,web_csv
2026-06-30,LIT,TSLA,TESLA INC,,B616C79,192194.0,80836796.4,4.56,USD,,,,equity,web_csv
2026-06-30,LIT,006400 KS,SAMSUNG SDI CO LTD,,6771645,230283.0,72386123.41,4.08,USD,,,,equity,web_csv
2026-06-30,LIT,300014 C2,EVE ENERGY CO LTD-A,,BD5C7G6,6966994.0,66744787.83,3.77,USD,,,,equity,web_csv
2026-06-30,LIT,300750 C2,CONTEMPORARY AMPEREX TECHN-A,,BHQPSY7,1123565.0,65051897.56,3.67,USD,,,,equity,web_csv
2026-06-30,LIT,373220 KS,LG ENERGY SOLUTION,,BNSP8W5,245194.0,57290536.37,3.23,USD,,,,equity,web_csv
2026-06-30,LIT,SQM,QUIMICA Y MINERA CHIL-SP ADR,US8336351056,2771122,739357.0,54741992.28,3.09,USD,,,,equity,web_csv
2026-06-30,LIT,002460 C2,GANFENG LITHIUM GROUP CO L-A,,BD5CB19,5522232.0,53204769.12,3.0,USD,,,,equity,web_csv
2026-06-30,LIT,PLS AU,PLS GROUP LTD,AU000000PLS0,B2368L5,15261437.0,53077007.21,2.99,USD,,,,equity,web_csv
2026-06-30,LIT,002709 C2,GUANGZHOU TINCI MATERIALS -A,,BD5LR63,6517185.0,49378141.51,2.79,USD,,,,equity,web_csv
2026-06-30,LIT,1211 HK,BYD CO LTD-H,SA123GA0ITH7,6536651,5167221.0,47738175.79,2.69,USD,,,,equity,web_csv
2026-06-30,LIT,002466 C2,TIANQI LITHIUM CORP-A,,BD5CKH8,5006093.0,45222985.09,2.55,USD,,,,equity,web_csv
2026-06-30,LIT,ENS,ENERSYS,,B020GQ5,189010.0,44194318.2,2.49,USD,,,,equity,web_csv
2026-06-30,LIT,MIN AU,MINERAL RESOURCES LTD,AU000000MIN4,B17ZL56,883414.0,37988601.36,2.14,USD,,,,equity,web_csv
2026-06-30,LIT,300450 C2,WUXI LEAD INTELLIGENT EQUI-A,,BD6QWJ5,5382710.0,32289916.21,1.82,USD,,,,equity,web_csv
2026-06-30,LIT,002812 C2,YUNNAN ENERGY NEW MATERIAL-A,,BFCCR30,2790959.0,27510764.1,1.55,USD,,,,equity,web_csv
2026-06-30,LIT,002738 C2,SINOMINE RESOURCE GROUP CO-A,CNE100001WV3,BNR4M32,3060656.0,26598128.67,1.5,USD,,,,equity,web_csv
2026-06-30,LIT,247540 KS,ECOPRO BM CO LTD,,BJ321P7,275311.0,25322285.87,1.43,USD,,,,equity,web_csv
2026-06-30,LIT,603659 C1,SHANGHAI PUTAILAI NEW ENERGY,,BF2DZJ5,4922128.0,20977778.88,1.18,USD,,,,equity,web_csv
2026-06-30,LIT,300207 C2,SUNWODA ELECTRONIC CO LTD-A,,BD5CCV6,6854091.0,19174895.12,1.08,USD,,,,equity,web_csv
2026-06-30,LIT,IGO AU,IGO LTD,AU000000IGO4,6439567,3501945.0,17880682.44,1.01,USD,,,,equity,web_csv
2026-06-30,LIT,LTR AU,LIONTOWN LTD,AU000000LTR4,B1J89V5,10609062.0,12384662.45,0.7,USD,,,,equity,web_csv
2026-06-30,LIT,066970 KS,L&F CO LTD,,6578608,148281.0,10671484.86,0.6,USD,,,,equity,web_csv
2026-06-30,LIT,002176 C2,JIANGXI SPECIAL ELECTRIC -A,,BD5CC72,7023740.0,10357636.62,0.58,USD,,,,equity,web_csv
2026-06-30,LIT,AMG NA,AMG CRITICAL MATERIALS N.V.,NL0000888691,B1Z95S1,178952.0,6698475.38,0.38,USD,,,,equity,web_csv
2026-06-30,LIT,LAC CN,LITHIUM AMERICAS CORP,CA53681J1030,BRBS357,1674831.0,6445517.01,0.36,USD,,,,equity,web_csv
2026-06-30,LIT,LCID,LUCID GROUP INC,,BVY4KF9,944809.0,6320772.21,0.36,USD,,,,equity,web_csv
2026-06-30,LIT,LAR CN,LITHIUM ARGENTINA AG,CH1403212751,BS891B2,712149.0,5887934.99,0.33,USD,,,,equity,web_csv
2026-06-30,LIT,ELV AU,ELEVRA LITHIUM LTD,AU0000421851,BVBM1M0,774125.0,5148605.4,0.29,USD,,,,equity,web_csv
2026-06-30,LIT,,CASH,CASH,,4647941.57,4647941.57,0.26,USD,,,,cash,web_csv
2026-06-30,LIT,SGML,SIGMA LITHIUM CORP,CA8265991023,BNM4ZD8,287359.0,3635091.35,0.2,USD,,,,equity,web_csv
2026-06-30,LIT,VUL AU,VULCAN ENERGY RESOURCES LTD,AU0000066086,BKYBH63,1649001.0,3484400.28,0.2,USD,,,,equity,web_csv
2026-06-30,LIT,PMET CN,PMET RESOURCES INC,,BRJJYV5,794168.0,3252240.41,0.18,USD,,,,equity,web_csv
2026-06-30,LIT,SLI CN,STANDARD LITHIUM LTD,CA8536061010,BDSFRL7,1127452.0,3083357.72,0.17,USD,,,,equity,web_csv
2026-07-01,LIT,RIO,RIO TINTO PLC-SPON ADR,,2740434,3748068.0,349882147.8,19.62,USD,,,,equity,web_csv
2026-07-01,LIT,002371 C2,NAURA TECHNOLOGY GROUP CO-A,,BD5LYF1,1077110.0,148297041.32,8.32,USD,,,,equity,web_csv
2026-07-01,LIT,6752 JP,PANASONIC HOLDINGS CORPORATION,,6572707,3973300.0,116699861.46,6.54,USD,,,,equity,web_csv
2026-07-01,LIT,6762 JP,TDK CORP,,6869302,4686680.0,106774520.49,5.99,USD,,,,equity,web_csv
2026-07-01,LIT,ALB,ALBEMARLE CORP,US0126531013,2046853,611066.0,83153861.28,4.66,USD,,,,equity,web_csv
2026-07-01,LIT,TSLA,TESLA INC,,B616C79,192194.0,81740108.2,4.58,USD,,,,equity,web_csv
2026-07-01,LIT,006400 KS,SAMSUNG SDI CO LTD,,6771645,230283.0,72689780.14,4.08,USD,,,,equity,web_csv
2026-07-01,LIT,300014 C2,EVE ENERGY CO LTD-A,,BD5C7G6,6966994.0,64863383.8,3.64,USD,,,,equity,web_csv
2026-07-01,LIT,300750 C2,CONTEMPORARY AMPEREX TECHN-A,,BHQPSY7,1123565.0,63480752.7,3.56,USD,,,,equity,web_csv
2026-07-01,LIT,SQM,QUIMICA Y MINERA CHIL-SP ADR,US8336351056,2771122,739357.0,54875076.54,3.08,USD,,,,equity,web_csv
2026-07-01,LIT,373220 KS,LG ENERGY SOLUTION,,BNSP8W5,245194.0,54855359.69,3.08,USD,,,,equity,web_csv
2026-07-01,LIT,PLS AU,PLS GROUP LTD,AU000000PLS0,B2368L5,15261437.0,53833529.89,3.02,USD,,,,equity,web_csv
2026-07-01,LIT,002460 C2,GANFENG LITHIUM GROUP CO L-A,,BD5CB19,5522232.0,53582809.58,3.0,USD,,,,equity,web_csv
2026-07-01,LIT,002709 C2,GUANGZHOU TINCI MATERIALS -A,,BD5LR63,6517185.0,52252979.52,2.93,USD,,,,equity,web_csv
2026-07-01,LIT,1211 HK,BYD CO LTD-H,SA123GA0ITH7,6536651,5167221.0,47727829.35,2.68,USD,,,,equity,web_csv
2026-07-01,LIT,002466 C2,TIANQI LITHIUM CORP-A,,BD5CKH8,5006093.0,45899809.08,2.57,USD,,,,equity,web_csv
2026-07-01,LIT,ENS,ENERSYS,,B020GQ5,189010.0,41669144.6,2.34,USD,,,,equity,web_csv
2026-07-01,LIT,MIN AU,MINERAL RESOURCES LTD,AU000000MIN4,B17ZL56,883414.0,38558842.52,2.16,USD,,,,equity,web_csv
2026-07-01,LIT,300450 C2,WUXI LEAD INTELLIGENT EQUI-A,,BD6QWJ5,5382710.0,31660669.68,1.78,USD,,,,equity,web_csv
2026-07-01,LIT,002738 C2,SINOMINE RESOURCE GROUP CO-A,CNE100001WV3,BNR4M32,3060656.0,29233844.27,1.64,USD,,,,equity,web_csv
2026-07-01,LIT,002812 C2,YUNNAN ENERGY NEW MATERIAL-A,,BFCCR30,2790959.0,26883783.06,1.51,USD,,,,equity,web_csv
2026-07-01,LIT,247540 KS,ECOPRO BM CO LTD,,BJ321P7,275311.0,23486833.62,1.32,USD,,,,equity,web_csv
2026-07-01,LIT,603659 C1,SHANGHAI PUTAILAI NEW ENERGY,,BF2DZJ5,4922128.0,20626902.01,1.16,USD,,,,equity,web_csv
2026-07-01,LIT,300207 C2,SUNWODA ELECTRONIC CO LTD-A,,BD5CCV6,6854091.0,18916673.72,1.06,USD,,,,equity,web_csv
2026-07-01,LIT,IGO AU,IGO LTD,AU000000IGO4,6439567,3501945.0,17888650.12,1.0,USD,,,,equity,web_csv
2026-07-01,LIT,,CHINESE YUAN RENMINBI,,,70282.31,10345.22,0.0,USD,,,,fx,web_csv
2026-07-01,LIT,2324825D AU,ESG MINERALS LTD,,BPGN3K8,397586.0,0.0,0.0,USD,,,,derivative,web_csv
2026-07-01,LIT,,OTHER PAYABLE & RECEIVABLES,CASH,,-7263109.35,-7263109.35,-0.41,USD,,,,cash,web_csv
2026-07-01,LIT,LTR AU,LIONTOWN LTD,AU000000LTR4,B1J89V5,10609062.0,12632887.14,0.71,USD,,,,equity,web_csv
2026-07-01,LIT,066970 KS,L&F CO LTD,,6578608,148281.0,10485959.5,0.59,USD,,,,equity,web_csv
2026-07-01,LIT,002176 C2,JIANGXI SPECIAL ELECTRIC -A,,BD5CC72,7023740.0,10483348.34,0.59,USD,,,,equity,web_csv
2026-07-01,LIT,,CASH,CASH,,7545521.18,7545521.18,0.42,USD,,,,cash,web_csv
2026-07-01,LIT,AMG NA,AMG CRITICAL MATERIALS N.V.,NL0000888691,B1Z95S1,178952.0,6679428.41,0.38,USD,,,,equity,web_csv
2026-07-01,LIT,LAC CN,LITHIUM AMERICAS CORP,CA53681J1030,BRBS357,1674831.0,6437349.8,0.36,USD,,,,equity,web_csv
2026-07-01,LIT,LCID,LUCID GROUP INC,,BVY4KF9,944809.0,6264083.67,0.35,USD,,,,equity,web_csv
2026-07-01,LIT,LAR CN,LITHIUM ARGENTINA AG,CH1403212751,BS891B2,712149.0,5880474.3,0.33,USD,,,,equity,web_csv
2026-07-01,LIT,ELV AU,ELEVRA LITHIUM LTD,AU0000421851,BVBM1M0,774125.0,5151392.68,0.29,USD,,,,equity,web_csv
2026-07-01,LIT,SGML,SIGMA LITHIUM CORP,CA8265991023,BNM4ZD8,287359.0,3566125.19,0.2,USD,,,,equity,web_csv
2026-07-01,LIT,VUL AU,VULCAN ENERGY RESOURCES LTD,AU0000066086,BKYBH63,1649001.0,3517352.77,0.2,USD,,,,equity,web_csv
2026-07-01,LIT,PMET CN,PMET RESOURCES INC,,BRJJYV5,794168.0,3248119.45,0.18,USD,,,,equity,web_csv
2026-07-01,LIT,SLI CN,STANDARD LITHIUM LTD,CA8536061010,BDSFRL7,1127452.0,3079450.75,0.17,USD,,,,equity,web_csv
2026-07-01,LIT,ERA FP,ERAMET,FR0000131757,4017017,44341.0,2301696.45,0.13,USD,,,,equity,web_csv
2026-07-01,LIT,EUR AU,EUROPEAN LITHIUM LTD,,BDGJNV3,7457440.0,2136359.78,0.12,USD,,,,fx,web_csv
2026-07-01,LIT,INR AU,IONEER LTD,,BGYBHZ4,12448016.0,1374854.22,0.08,USD,,,,equity,web_csv
2026-07-02,LIT,ERA FP,ERAMET,FR0000131757,4017017,43901.0,2309838.63,0.13,USD,,,,equity,web_csv
2026-07-02,LIT,EUR AU,EUROPEAN LITHIUM LTD,,BDGJNV3,7385214.0,2099570.61,0.12,USD,,,,fx,web_csv
2026-07-02,LIT,,KOREAN WON,,,2383361057.0,1532018.42,0.09,USD,,,,fx,web_csv
2026-07-02,LIT,INR AU,IONEER LTD,,BGYBHZ4,12312738.0,1323335.24,0.08,USD,,,,equity,web_csv
2026-07-02,LIT,2324825D AU,ESG MINERALS LTD,,BPGN3K8,397586.0,0.0,0.0,USD,,,,derivative,web_csv
2026-07-02,LIT,,OTHER PAYABLE & RECEIVABLES,CASH,,-13020187.22,-13020187.22,-0.75,USD,,,,cash,web_csv
2026-07-02,LIT,002176 C2,JIANGXI SPECIAL ELECTRIC -A,,BD5CC72,6955540.0,10390120.3,0.6,USD,,,,equity,web_csv
2026-07-02,LIT,066970 KS,L&F CO LTD,,6578608,146851.0,10071994.41,0.58,USD,,,,equity,web_csv
2026-07-02,LIT,,CASH,CASH,,6593480.74,6593480.74,0.38,USD,,,,cash,web_csv
2026-07-02,LIT,AMG NA,AMG CRITICAL MATERIALS N.V.,NL0000888691,B1Z95S1,177214.0,6537795.35,0.38,USD,,,,equity,web_csv
2026-07-02,LIT,LAC CN,LITHIUM AMERICAS CORP,CA53681J1030,BRBS357,1658617.0,6245471.06,0.36,USD,,,,equity,web_csv
2026-07-02,LIT,LCID,LUCID GROUP INC,,BVY4KF9,935657.0,5688794.56,0.33,USD,,,,equity,web_csv
2026-07-02,LIT,LAR CN,LITHIUM ARGENTINA AG,CH1403212751,BS891B2,705241.0,5639342.06,0.33,USD,,,,equity,web_csv
2026-07-02,LIT,ELV AU,ELEVRA LITHIUM LTD,AU0000421851,BVBM1M0,766623.0,5352970.6,0.31,USD,,,,equity,web_csv
2026-07-02,LIT,,CHINESE YUAN RENMINBI,,,30549928.29,4500512.41,0.26,USD,,,,fx,web_csv
2026-07-02,LIT,SGML,SIGMA LITHIUM CORP,CA8265991023,BNM4ZD8,284565.0,3497303.85,0.2,USD,,,,equity,web_csv
2026-07-02,LIT,VUL AU,VULCAN ENERGY RESOURCES LTD,AU0000066086,BKYBH63,1633029.0,3464965.12,0.2,USD,,,,equity,web_csv
2026-07-02,LIT,PMET CN,PMET RESOURCES INC,,BRJJYV5,786468.0,3260890.48,0.19,USD,,,,equity,web_csv
2026-07-02,LIT,SLI CN,STANDARD LITHIUM LTD,CA8536061010,BDSFRL7,1116540.0,3109919.97,0.18,USD,,,,equity,web_csv
2026-07-02,LIT,RIO,RIO TINTO PLC-SPON ADR,,2740434,3711768.0,350465134.56,20.21,USD,,,,equity,web_csv
2026-07-02,LIT,002371 C2,NAURA TECHNOLOGY GROUP CO-A,,BD5LYF1,1073310.0,132985071.22,7.67,USD,,,,equity,web_csv
2026-07-02,LIT,6752 JP,PANASONIC HOLDINGS CORPORATION,,6572707,3934822.0,111097119.65,6.41,USD,,,,equity,web_csv
2026-07-02,LIT,6762 JP,TDK CORP,,6869302,4641294.0,105480679.56,6.08,USD,,,,equity,web_csv
2026-07-02,LIT,ALB,ALBEMARLE CORP,US0126531013,2046853,605148.0,82033862.88,4.73,USD,,,,equity,web_csv
2026-07-02,LIT,TSLA,TESLA INC,,B616C79,190324.0,74882977.8,4.32,USD,,,,equity,web_csv
2026-07-02,LIT,006400 KS,SAMSUNG SDI CO LTD,,6771645,228061.0,68973902.74,3.98,USD,,,,equity,web_csv
2026-07-02,LIT,300750 C2,CONTEMPORARY AMPEREX TECHN-A,,BHQPSY7,1112565.0,62666906.46,3.61,USD,,,,equity,web_csv
2026-07-02,LIT,300014 C2,EVE ENERGY CO LTD-A,,BD5C7G6,6898794.0,62269133.98,3.59,USD,,,,equity,web_csv
2026-07-02,LIT,373220 KS,LG ENERGY SOLUTION,,BNSP8W5,242818.0,55253308.48,3.19,USD,,,,equity,web_csv
2026-07-02,LIT,PLS AU,PLS GROUP LTD,AU000000PLS0,B2368L5,15113619.0,53761252.47,3.1,USD,,,,equity,web_csv
2026-07-02,LIT,SQM,QUIMICA Y MINERA CHIL-SP ADR,US8336351056,2771122,732207.0,53231448.9,3.07,USD,,,,equity,web_csv
2026-07-02,LIT,002709 C2,GUANGZHOU TINCI MATERIALS -A,,BD5LR63,6453385.0,52135889.78,3.01,USD,,,,equity,web_csv
2026-07-02,LIT,002460 C2,GANFENG LITHIUM GROUP CO L-A,,BD5CB19,5469432.0,51559192.36,2.97,USD,,,,equity,web_csv
2026-07-02,LIT,1211 HK,BYD CO LTD-H,SA123GA0ITH7,6536651,5116621.0,51081726.17,2.95,USD,,,,equity,web_csv
2026-07-02,LIT,002466 C2,TIANQI LITHIUM CORP-A,,BD5CKH8,4957693.0,43828340.32,2.53,USD,,,,equity,web_csv
2026-07-02,LIT,ENS,ENERSYS,,B020GQ5,187184.0,38687189.12,2.23,USD,,,,equity,web_csv
2026-07-02,LIT,MIN AU,MINERAL RESOURCES LTD,AU000000MIN4,B17ZL56,874856.0,38678393.37,2.23,USD,,,,equity,web_csv
2026-07-02,LIT,300450 C2,WUXI LEAD INTELLIGENT EQUI-A,,BD6QWJ5,5329910.0,30245301.81,1.74,USD,,,,equity,web_csv
2026-07-02,LIT,002738 C2,SINOMINE RESOURCE GROUP CO-A,CNE100001WV3,BNR4M32,3032056.0,29252566.62,1.69,USD,,,,equity,web_csv
2026-07-02,LIT,002812 C2,YUNNAN ENERGY NEW MATERIAL-A,,BFCCR30,2764559.0,26480403.38,1.53,USD,,,,equity,web_csv
2026-07-02,LIT,247540 KS,ECOPRO BM CO LTD,,BJ321P7,272649.0,21994889.44,1.27,USD,,,,equity,web_csv
2026-07-02,LIT,603659 C1,SHANGHAI PUTAILAI NEW ENERGY,,BF2DZJ5,4873728.0,20211170.02,1.17,USD,,,,equity,web_csv
2026-07-02,LIT,300207 C2,SUNWODA ELECTRONIC CO LTD-A,,BD5CCV6,6788091.0,18179975.9,1.05,USD,,,,equity,web_csv
2026-07-02,LIT,IGO AU,IGO LTD,AU000000IGO4,6439567,3468021.0,17843053.05,1.03,USD,,,,equity,web_csv
2026-07-02,LIT,LTR AU,LIONTOWN LTD,AU000000LTR4,B1J89V5,10506300.0,12166056.01,0.7,USD,,,,equity,web_csv
2026-07-06,LIT,,CASH,CASH,,218053.3,218053.3,0.01,USD,,,,cash,web_csv
2026-07-06,LIT,2324825D AU,ESG MINERALS LTD,,BPGN3K8,397586.0,0.0,0.0,USD,,,,derivative,web_csv
2026-07-06,LIT,,OTHER PAYABLE & RECEIVABLES,CASH,,-9996570.03,-9996570.03,-0.59,USD,,,,cash,web_csv
2026-07-06,LIT,ERA FP,ERAMET,FR0000131757,4017017,43101.0,2261713.72,0.13,USD,,,,equity,web_csv
2026-07-06,LIT,EUR AU,EUROPEAN LITHIUM LTD,,BDGJNV3,7253894.0,1912309.72,0.11,USD,,,,fx,web_csv
2026-07-06,LIT,INR AU,IONEER LTD,,BGYBHZ4,12066778.0,1255700.34,0.07,USD,,,,equity,web_csv
2026-07-06,LIT,RIO,RIO TINTO PLC-SPON ADR,,2740434,3645768.0,341170969.44,20.26,USD,,,,equity,web_csv
2026-07-06,LIT,002371 C2,NAURA TECHNOLOGY GROUP CO-A,,BD5LYF1,1046110.0,123652864.01,7.34,USD,,,,equity,web_csv
2026-07-06,LIT,6752 JP,PANASONIC HOLDINGS CORPORATION,,6572707,3864862.0,108466057.79,6.44,USD,,,,equity,web_csv
2026-07-06,LIT,6762 JP,TDK CORP,,6869302,4558774.0,98292642.18,5.84,USD,,,,equity,web_csv
2026-07-06,LIT,ALB,ALBEMARLE CORP,US0126531013,2046853,594388.0,79529114.4,4.72,USD,,,,equity,web_csv
2026-07-06,LIT,TSLA,TESLA INC,,B616C79,186924.0,78465087.48,4.66,USD,,,,equity,web_csv
2026-07-06,LIT,006400 KS,SAMSUNG SDI CO LTD,,6771645,224021.0,66028319.68,3.92,USD,,,,equity,web_csv
2026-07-06,LIT,300750 C2,CONTEMPORARY AMPEREX TECHN-A,,BHQPSY7,1092565.0,60186293.76,3.58,USD,,,,equity,web_csv
2026-07-06,LIT,300014 C2,EVE ENERGY CO LTD-A,,BD5C7G6,6774794.0,59162980.04,3.51,USD,,,,equity,web_csv
2026-07-06,LIT,373220 KS,LG ENERGY SOLUTION,,BNSP8W5,238498.0,55193093.97,3.28,USD,,,,equity,web_csv
2026-07-06,LIT,1211 HK,BYD CO LTD-H,SA123GA0ITH7,6536651,5024621.0,53687871.65,3.19,USD,,,,equity,web_csv
2026-07-06,LIT,PLS AU,PLS GROUP LTD,AU000000PLS0,B2368L5,14844859.0,52934964.52,3.14,USD,,,,equity,web_csv
2026-07-06,LIT,SQM,QUIMICA Y MINERA CHIL-SP ADR,US8336351056,2771122,719207.0,52876098.64,3.14,USD,,,,equity,web_csv
2026-07-06,LIT,002460 C2,GANFENG LITHIUM GROUP CO L-A,,BD5CB19,5373432.0,49659885.65,2.95,USD,,,,equity,web_csv
2026-07-06,LIT,002709 C2,GUANGZHOU TINCI MATERIALS -A,,BD5LR63,6337385.0,45676526.44,2.71,USD,,,,equity,web_csv
2026-07-06,LIT,002466 C2,TIANQI LITHIUM CORP-A,,BD5CKH8,4869693.0,42196604.34,2.51,USD,,,,equity,web_csv
2026-07-06,LIT,ENS,ENERSYS,,B020GQ5,183864.0,39220029.84,2.33,USD,,,,equity,web_csv
2026-07-06,LIT,MIN AU,MINERAL RESOURCES LTD,AU000000MIN4,B17ZL56,859296.0,38474694.64,2.29,USD,,,,equity,web_csv
2026-07-06,LIT,300450 C2,WUXI LEAD INTELLIGENT EQUI-A,,BD6QWJ5,5233910.0,29162390.35,1.73,USD,,,,equity,web_csv
2026-07-06,LIT,002738 C2,SINOMINE RESOURCE GROUP CO-A,CNE100001WV3,BNR4M32,2980056.0,27821453.9,1.65,USD,,,,equity,web_csv
2026-07-06,LIT,002812 C2,YUNNAN ENERGY NEW MATERIAL-A,,BFCCR30,2716559.0,25972837.39,1.54,USD,,,,equity,web_csv
2026-07-06,LIT,247540 KS,ECOPRO BM CO LTD,,BJ321P7,267809.0,21276466.56,1.26,USD,,,,equity,web_csv
2026-07-06,LIT,603659 C1,SHANGHAI PUTAILAI NEW ENERGY,,BF2DZJ5,4785728.0,19034505.42,1.13,USD,,,,equity,web_csv
2026-07-06,LIT,300207 C2,SUNWODA ELECTRONIC CO LTD-A,,BD5CCV6,6668091.0,17841078.96,1.06,USD,,,,equity,web_csv
2026-07-06,LIT,IGO AU,IGO LTD,AU000000IGO4,6439567,3406341.0,17581846.65,1.04,USD,,,,equity,web_csv
2026-07-06,LIT,LTR AU,LIONTOWN LTD,AU000000LTR4,B1J89V5,10319460.0,11848364.34,0.7,USD,,,,equity,web_csv
2026-07-06,LIT,,CHINESE YUAN RENMINBI,,,69826901.65,10270927.65,0.61,USD,,,,fx,web_csv
2026-07-06,LIT,002176 C2,JIANGXI SPECIAL ELECTRIC -A,,BD5CC72,6831540.0,9928015.77,0.59,USD,,,,equity,web_csv
2026-07-06,LIT,066970 KS,L&F CO LTD,,6578608,144251.0,9736954.27,0.58,USD,,,,equity,web_csv
2026-07-06,LIT,AMG NA,AMG CRITICAL MATERIALS N.V.,NL0000888691,B1Z95S1,174054.0,6661289.12,0.4,USD,,,,equity,web_csv
2026-07-06,LIT,LAC CN,LITHIUM AMERICAS CORP,CA53681J1030,BRBS357,1629137.0,6196309.88,0.37,USD,,,,equity,web_csv
2026-07-06,LIT,LCID,LUCID GROUP INC,,BVY4KF9,919017.0,6120653.22,0.36,USD,,,,equity,web_csv
2026-07-06,LIT,LAR CN,LITHIUM ARGENTINA AG,CH1403212751,BS891B2,692681.0,5493139.54,0.33,USD,,,,equity,web_csv
2026-07-06,LIT,ELV AU,ELEVRA LITHIUM LTD,AU0000421851,BVBM1M0,752983.0,5291734.51,0.31,USD,,,,equity,web_csv
2026-07-06,LIT,SGML,SIGMA LITHIUM CORP,CA8265991023,BNM4ZD8,279485.0,3457229.45,0.2,USD,,,,equity,web_csv
2026-07-06,LIT,VUL AU,VULCAN ENERGY RESOURCES LTD,AU0000066086,BKYBH63,1603989.0,3393943.87,0.2,USD,,,,equity,web_csv
2026-07-06,LIT,PMET CN,PMET RESOURCES INC,,BRJJYV5,772468.0,3225857.65,0.19,USD,,,,equity,web_csv
2026-07-06,LIT,SLI CN,STANDARD LITHIUM LTD,CA8536061010,BDSFRL7,1096700.0,2891328.04,0.17,USD,,,,equity,web_csv
2026-07-07,LIT,ERA FP,ERAMET,FR0000131757,4017017,43101.0,2217585.92,0.14,USD,,,,equity,web_csv
2026-07-07,LIT,EUR AU,EUROPEAN LITHIUM LTD,,BDGJNV3,7253894.0,1888235.02,0.12,USD,,,,fx,web_csv
2026-07-07,LIT,INR AU,IONEER LTD,,BGYBHZ4,12066778.0,1298304.6,0.08,USD,,,,equity,web_csv
2026-07-07,LIT,,OTHER PAYABLE & RECEIVABLES,CASH,,217720.6,217720.6,0.01,USD,,,,cash,web_csv
2026-07-07,LIT,,CHINESE YUAN RENMINBI,,,70282.31,10337.69,0.0,USD,,,,fx,web_csv
2026-07-07,LIT,2324825D AU,ESG MINERALS LTD,,BPGN3K8,397586.0,0.0,0.0,USD,,,,derivative,web_csv
2026-07-07,LIT,,CASH,CASH,,-2520890.26,-2520890.26,-0.15,USD,,,,cash,web_csv
2026-07-07,LIT,RIO,RIO TINTO PLC-SPON ADR,,2740434,3645768.0,332676330.0,20.25,USD,,,,equity,web_csv
2026-07-07,LIT,002371 C2,NAURA TECHNOLOGY GROUP CO-A,,BD5LYF1,1046110.0,124079433.84,7.55,USD,,,,equity,web_csv
2026-07-07,LIT,6752 JP,PANASONIC HOLDINGS CORPORATION,,6572707,3864862.0,105020180.95,6.39,USD,,,,equity,web_csv
2026-07-07,LIT,6762 JP,TDK CORP,,6869302,4558774.0,94511683.3,5.75,USD,,,,equity,web_csv
2026-07-07,LIT,ALB,ALBEMARLE CORP,US0126531013,2046853,594388.0,76687939.76,4.67,USD,,,,equity,web_csv
2026-07-07,LIT,TSLA,TESLA INC,,B616C79,186924.0,75311679.6,4.58,USD,,,,equity,web_csv
2026-07-07,LIT,006400 KS,SAMSUNG SDI CO LTD,,6771645,224021.0,65228911.21,3.97,USD,,,,equity,web_csv
2026-07-07,LIT,300750 C2,CONTEMPORARY AMPEREX TECHN-A,,BHQPSY7,1092565.0,59860345.34,3.64,USD,,,,equity,web_csv
2026-07-07,LIT,300014 C2,EVE ENERGY CO LTD-A,,BD5C7G6,6774794.0,58284762.57,3.55,USD,,,,equity,web_csv
2026-07-07,LIT,1211 HK,BYD CO LTD-H,SA123GA0ITH7,6536651,5024621.0,53465683.45,3.25,USD,,,,equity,web_csv
2026-07-07,LIT,SQM,QUIMICA Y MINERA CHIL-SP ADR,US8336351056,2771122,719207.0,52789793.8,3.21,USD,,,,equity,web_csv
2026-07-07,LIT,373220 KS,LG ENERGY SOLUTION,,BNSP8W5,238498.0,51810073.94,3.15,USD,,,,equity,web_csv
2026-07-07,LIT,PLS AU,PLS GROUP LTD,AU000000PLS0,B2368L5,14844859.0,50080184.6,3.05,USD,,,,equity,web_csv
2026-07-07,LIT,002460 C2,GANFENG LITHIUM GROUP CO L-A,,BD5CB19,5373432.0,48560179.16,2.96,USD,,,,equity,web_csv
2026-07-07,LIT,002709 C2,GUANGZHOU TINCI MATERIALS -A,,BD5LR63,6337385.0,46178881.53,2.81,USD,,,,equity,web_csv
2026-07-07,LIT,002466 C2,TIANQI LITHIUM CORP-A,,BD5CKH8,4869693.0,42396229.94,2.58,USD,,,,equity,web_csv
2026-07-07,LIT,MIN AU,MINERAL RESOURCES LTD,AU000000MIN4,B17ZL56,859296.0,36355496.07,2.21,USD,,,,equity,web_csv
2026-07-07,LIT,ENS,ENERSYS,,B020GQ5,183864.0,36033666.72,2.19,USD,,,,equity,web_csv
2026-07-07,LIT,300450 C2,WUXI LEAD INTELLIGENT EQUI-A,,BD6QWJ5,5233910.0,28676744.28,1.75,USD,,,,equity,web_csv
2026-07-07,LIT,002812 C2,YUNNAN ENERGY NEW MATERIAL-A,,BFCCR30,2716559.0,27059103.72,1.65,USD,,,,equity,web_csv
2026-07-07,LIT,002738 C2,SINOMINE RESOURCE GROUP CO-A,CNE100001WV3,BNR4M32,2980056.0,26760080.13,1.63,USD,,,,equity,web_csv
2026-07-07,LIT,247540 KS,ECOPRO BM CO LTD,,BJ321P7,267809.0,21063038.54,1.28,USD,,,,equity,web_csv
2026-07-07,LIT,603659 C1,SHANGHAI PUTAILAI NEW ENERGY,,BF2DZJ5,4785728.0,19301576.31,1.18,USD,,,,equity,web_csv
2026-07-07,LIT,300207 C2,SUNWODA ELECTRONIC CO LTD-A,,BD5CCV6,6668091.0,17399326.98,1.06,USD,,,,equity,web_csv
2026-07-07,LIT,IGO AU,IGO LTD,AU000000IGO4,6439567,3406341.0,17048138.36,1.04,USD,,,,equity,web_csv
2026-07-07,LIT,LTR AU,LIONTOWN LTD,AU000000LTR4,B1J89V5,10319460.0,10959783.56,0.67,USD,,,,equity,web_csv
2026-07-07,LIT,002176 C2,JIANGXI SPECIAL ELECTRIC -A,,BD5CC72,6831540.0,9656490.54,0.59,USD,,,,equity,web_csv
2026-07-07,LIT,066970 KS,L&F CO LTD,,6578608,144251.0,9391464.05,0.57,USD,,,,equity,web_csv
2026-07-07,LIT,AMG NA,AMG CRITICAL MATERIALS N.V.,NL0000888691,B1Z95S1,174054.0,6475631.89,0.39,USD,,,,equity,web_csv
2026-07-07,LIT,LAC CN,LITHIUM AMERICAS CORP,CA53681J1030,BRBS357,1629137.0,5910362.83,0.36,USD,,,,equity,web_csv
2026-07-07,LIT,LCID,LUCID GROUP INC,,BVY4KF9,919017.0,5509506.92,0.34,USD,,,,equity,web_csv
2026-07-07,LIT,LAR CN,LITHIUM ARGENTINA AG,CH1403212751,BS891B2,692681.0,5162597.29,0.31,USD,,,,equity,web_csv
2026-07-07,LIT,ELV AU,ELEVRA LITHIUM LTD,AU0000421851,BVBM1M0,752983.0,4965492.74,0.3,USD,,,,equity,web_csv
2026-07-07,LIT,VUL AU,VULCAN ENERGY RESOURCES LTD,AU0000066086,BKYBH63,1603989.0,3329094.7,0.2,USD,,,,equity,web_csv
2026-07-07,LIT,SGML,SIGMA LITHIUM CORP,CA8265991023,BNM4ZD8,279485.0,3297923.0,0.2,USD,,,,equity,web_csv
2026-07-07,LIT,PMET CN,PMET RESOURCES INC,,BRJJYV5,772468.0,2933043.94,0.18,USD,,,,equity,web_csv
2026-07-07,LIT,,KOREAN WON,,,4173004771.0,2730487.97,0.17,USD,,,,fx,web_csv
2026-07-07,LIT,SLI CN,STANDARD LITHIUM LTD,CA8536061010,BDSFRL7,1096700.0,2665362.26,0.16,USD,,,,equity,web_csv
